session_code,participant_code,offer_price,transaction_price,discount,purchased,last_return,last_imbalance,informative,belief_informative,belief_confidence,return_forecast,forecast_confidence,investment_amount,age,gender,education,finance_course,fin_literacy_score
cbctgbhm,pjpncico,5,0,5,1.0,15.1098174886843,-18.5046274258981,1,1.0,4.0,2.0,3.0,30.0,22.0,male,highschool,0.0,3.0
cbctgbhm,13q93lzq,10,0,10,1.0,14.5282644745692,7.35487993020429,1,1.0,4.0,15.0,4.0,50.0,54.0,male,bachelor,0.0,3.0
cbctgbhm,699kl0nj,15,0,15,0.0,15.1098174886843,-18.5046274258981,1,,,15.0,2.0,60.0,24.0,male,bachelor,1.0,3.0
cbctgbhm,8eeu0tqk,5,3,2,1.0,15.6552619854883,-10.6145146455845,0,1.0,3.0,18.0,3.0,60.0,46.0,male,some_college,0.0,3.0
cbctgbhm,0zreh91w,10,3,7,1.0,14.5282644745692,7.35487993020429,1,1.0,3.0,15.0,3.0,20.0,29.0,male,bachelor,1.0,3.0
cbctgbhm,k53ch1gp,15,3,12,1.0,15.3352032889933,8.30613918663683,0,0.0,2.0,20.0,3.0,30.0,21.0,male,bachelor,0.0,2.0
cbctgbhm,noohoxwe,10,6,4,1.0,14.5282644745692,7.35487993020429,1,1.0,3.0,22.0,3.0,94.0,28.0,male,some_college,0.0,3.0
cbctgbhm,n4c1bryb,15,6,9,1.0,15.6552619854883,-10.6145146455845,0,1.0,3.0,12.0,3.0,10.0,29.0,female,bachelor,0.0,3.0
cbctgbhm,zy59ly48,15,9,6,0.0,14.5282644745692,7.35487993020429,1,,,15.0,1.0,25.0,36.0,male,graduate,0.0,3.0
cbctgbhm,m9ek7y1s,5,0,5,1.0,15.6552619854883,-10.6145146455845,0,1.0,3.0,5.0,3.0,10.0,34.0,male,bachelor,0.0,3.0
cbctgbhm,5wngwyz8,10,0,10,1.0,14.5282644745692,7.35487993020429,1,1.0,3.0,18.0,3.0,30.0,28.0,male,bachelor,0.0,3.0
cbctgbhm,dw4h7t40,15,0,15,0.0,15.1098174886843,-18.5046274258981,1,,,38.0,4.0,60.0,20.0,female,highschool,1.0,3.0
cbctgbhm,gecp6mgj,5,0,5,1.0,15.6552619854883,-10.6145146455845,0,1.0,5.0,7.0,5.0,10.0,30.0,male,graduate,1.0,3.0
cbctgbhm,9pbq2fb8,10,0,10,1.0,15.6552619854883,-10.6145146455845,0,1.0,1.0,3.0,1.0,100.0,51.0,male,graduate,0.0,2.0
cbctgbhm,xfm4qs3p,5,3,2,1.0,15.1098174886843,-18.5046274258981,1,1.0,2.0,15.0,3.0,0.0,32.0,male,bachelor,0.0,2.0
cbctgbhm,tdamcs1i,10,3,7,1.0,15.6552619854883,-10.6145146455845,0,0.0,1.0,10.0,1.0,20.0,39.0,male,bachelor,0.0,3.0
cbctgbhm,dvrk9vv8,15,3,12,1.0,15.3352032889933,8.30613918663683,0,0.0,2.0,5.0,2.0,20.0,58.0,female,graduate,0.0,3.0
cbctgbhm,oqscve55,10,6,4,0.0,15.6552619854883,-10.6145146455845,0,,,15.0,4.0,100.0,47.0,female,bachelor,0.0,3.0
cbctgbhm,0vxpwx4c,15,6,9,1.0,15.1098174886843,-18.5046274258981,1,1.0,5.0,0.0,5.0,0.0,28.0,male,some_college,1.0,3.0
cbctgbhm,jnf31vge,10,0,10,1.0,15.3352032889933,8.30613918663683,0,1.0,2.0,10.0,2.0,20.0,31.0,female,bachelor,0.0,3.0
cbctgbhm,dki17nmh,15,0,15,0.0,15.1098174886843,-18.5046274258981,1,,,3.0,1.0,10.0,37.0,male,bachelor,0.0,3.0
cbctgbhm,f28mui0p,5,0,5,1.0,15.6552619854883,-10.6145146455845,0,1.0,4.0,50.0,4.0,70.0,37.0,female,graduate,1.0,3.0
cbctgbhm,3lmhy08m,10,0,10,1.0,15.3352032889933,8.30613918663683,0,1.0,4.0,24.0,3.0,90.0,37.0,male,bachelor,0.0,3.0
cbctgbhm,h7d7xr6m,15,0,15,1.0,14.5282644745692,7.35487993020429,1,1.0,4.0,5.0,4.0,20.0,50.0,male,bachelor,1.0,3.0
cbctgbhm,8jp5whzx,5,3,2,1.0,15.1098174886843,-18.5046274258981,1,1.0,4.0,8.0,3.0,25.0,26.0,female,graduate,0.0,3.0
cbctgbhm,6b5f0go0,10,3,7,1.0,15.3352032889933,8.30613918663683,0,0.0,5.0,0.0,4.0,3.0,34.0,male,some_college,0.0,3.0
cbctgbhm,rh2hmdh5,15,3,12,0.0,15.3352032889933,8.30613918663683,0,,,30.0,3.0,15.0,38.0,female,highschool,0.0,3.0
cbctgbhm,g87oct84,10,6,4,0.0,15.6552619854883,-10.6145146455845,0,,,15.0,4.0,20.0,35.0,male,highschool,1.0,1.0
cbctgbhm,t8lqivot,15,6,9,0.0,14.5282644745692,7.35487993020429,1,,,20.0,3.0,10.0,35.0,male,graduate,1.0,3.0
cbctgbhm,b7c9mb4b,15,9,6,1.0,15.1098174886843,-18.5046274258981,1,1.0,3.0,15.0,1.0,20.0,27.0,female,bachelor,0.0,3.0
cbctgbhm,kflwf0m9,5,0,5,1.0,15.3352032889933,8.30613918663683,0,1.0,4.0,17.0,3.0,5.0,39.0,male,graduate,0.0,3.0
cbctgbhm,kuknbn0n,10,0,10,1.0,15.3352032889933,8.30613918663683,0,1.0,3.0,20.0,2.0,30.0,29.0,male,some_college,0.0,3.0
cbctgbhm,pt910w8u,15,0,15,1.0,15.1098174886843,-18.5046274258981,1,1.0,5.0,0.0,5.0,0.0,39.0,male,bachelor,1.0,3.0
cbctgbhm,5pyowzk0,5,0,5,1.0,15.3352032889933,8.30613918663683,0,0.0,4.0,12.0,2.0,10.0,42.0,female,graduate,0.0,3.0
cbctgbhm,uxrngzm5,10,0,10,0.0,15.3352032889933,8.30613918663683,0,,,20.0,3.0,60.0,38.0,female,graduate,1.0,3.0
cbctgbhm,83lms4e4,15,0,15,0.0,14.5282644745692,7.35487993020429,1,,,15.0,2.0,75.0,54.0,male,bachelor,1.0,3.0
cbctgbhm,3cy9lmeu,5,3,2,1.0,15.1098174886843,-18.5046274258981,1,1.0,5.0,-15.0,5.0,40.0,27.0,male,graduate,0.0,3.0
cbctgbhm,jt0zhba6,10,3,7,0.0,15.6552619854883,-10.6145146455845,0,,,8.0,3.0,40.0,33.0,female,graduate,0.0,3.0
cbctgbhm,b2ek0cpy,15,3,12,1.0,14.5282644745692,7.35487993020429,1,0.0,4.0,15.0,2.0,60.0,34.0,male,some_college,0.0,3.0
cbctgbhm,ghrflk9q,10,6,4,1.0,14.5282644745692,7.35487993020429,1,1.0,5.0,15.0,5.0,30.0,33.0,male,bachelor,0.0,3.0
cbctgbhm,ubfhp6or,15,6,9,1.0,15.6552619854883,-10.6145146455845,0,0.0,5.0,25.0,4.0,75.0,27.0,male,graduate,1.0,3.0
cbctgbhm,n84tja0d,15,9,6,1.0,15.3352032889933,8.30613918663683,0,1.0,3.0,10.0,3.0,40.0,32.0,female,bachelor,1.0,3.0
cbctgbhm,sartowhu,5,0,5,1.0,15.6552619854883,-10.6145146455845,0,1.0,3.0,17.0,3.0,30.0,27.0,male,bachelor,0.0,3.0
cbctgbhm,3xhzxwg8,10,0,10,0.0,15.6552619854883,-10.6145146455845,0,,,3.0,4.0,20.0,40.0,female,graduate,1.0,3.0
cbctgbhm,5ertzxro,5,0,5,1.0,15.3352032889933,8.30613918663683,0,1.0,3.0,15.0,2.0,60.0,36.0,female,graduate,1.0,3.0
cbctgbhm,wqc6ltc5,10,0,10,1.0,15.3352032889933,8.30613918663683,0,1.0,3.0,10.0,1.0,5.0,53.0,female,graduate,0.0,3.0
cbctgbhm,271ucyil,15,0,15,1.0,15.3352032889933,8.30613918663683,0,1.0,4.0,20.0,4.0,35.0,43.0,male,bachelor,0.0,3.0
cbctgbhm,fkpykepq,15,3,12,1.0,14.5282644745692,7.35487993020429,1,1.0,5.0,10.0,4.0,5.0,34.0,female,bachelor,0.0,3.0
cbctgbhm,ulwv9emi,10,6,4,1.0,15.1098174886843,-18.5046274258981,1,0.0,4.0,5.0,3.0,5.0,34.0,female,graduate,1.0,3.0
cbctgbhm,sd775ilz,15,6,9,1.0,15.1098174886843,-18.5046274258981,1,1.0,2.0,17.0,2.0,20.0,29.0,male,bachelor,1.0,3.0
cbctgbhm,b5zg7t8z,15,9,6,1.0,15.6552619854883,-10.6145146455845,0,1.0,3.0,10.0,3.0,45.0,45.0,male,bachelor,0.0,2.0
cbctgbhm,dxjlty95,5,0,5,1.0,15.3352032889933,8.30613918663683,0,1.0,2.0,16.0,2.0,20.0,23.0,female,bachelor,0.0,3.0
cbctgbhm,t1n5k8yu,10,0,10,1.0,14.5282644745692,7.35487993020429,1,1.0,4.0,20.0,4.0,50.0,39.0,female,bachelor,0.0,3.0
cbctgbhm,7let9uwo,5,0,5,0.0,14.5282644745692,7.35487993020429,1,,,15.0,3.0,10.0,32.0,male,bachelor,0.0,3.0
cbctgbhm,3auniwde,10,0,10,1.0,14.5282644745692,7.35487993020429,1,1.0,4.0,15.0,3.0,80.0,29.0,male,bachelor,1.0,3.0
cbctgbhm,a7b7j6ii,15,0,15,1.0,15.3352032889933,8.30613918663683,0,1.0,3.0,10.0,3.0,50.0,48.0,female,bachelor,0.0,3.0
cbctgbhm,xlyl8fd5,5,3,2,1.0,15.3352032889933,8.30613918663683,0,0.0,4.0,20.0,3.0,2.0,49.0,female,graduate,1.0,2.0
cbctgbhm,sngmdblf,10,3,7,1.0,15.1098174886843,-18.5046274258981,1,1.0,5.0,5.0,4.0,0.0,39.0,female,bachelor,1.0,3.0
cbctgbhm,kuqm8zu2,10,6,4,1.0,15.6552619854883,-10.6145146455845,0,1.0,4.0,10.0,4.0,94.0,53.0,female,bachelor,0.0,3.0
cbctgbhm,yjj87czm,15,6,9,1.0,14.5282644745692,7.35487993020429,1,1.0,3.0,20.0,1.0,25.0,30.0,female,bachelor,0.0,2.0
cbctgbhm,0fptsr2j,15,9,6,1.0,15.6552619854883,-10.6145146455845,0,1.0,4.0,11.0,4.0,70.0,45.0,male,bachelor,1.0,3.0
cbctgbhm,idxw9c5d,5,0,5,1.0,15.6552619854883,-10.6145146455845,0,1.0,4.0,15.0,4.0,100.0,48.0,male,bachelor,0.0,3.0
cbctgbhm,xftk1a3s,10,0,10,1.0,14.5282644745692,7.35487993020429,1,1.0,3.0,18.0,3.0,75.0,35.0,male,bachelor,1.0,3.0
cbctgbhm,ucwwa5l3,15,0,15,1.0,15.3352032889933,8.30613918663683,0,1.0,3.0,28.0,3.0,80.0,30.0,female,graduate,1.0,3.0
cbctgbhm,dlr84bmn,5,0,5,1.0,15.6552619854883,-10.6145146455845,0,1.0,3.0,10.0,2.0,10.0,21.0,male,bachelor,1.0,3.0
cbctgbhm,x8wfhtlo,10,0,10,1.0,14.5282644745692,7.35487993020429,1,1.0,4.0,20.0,3.0,25.0,24.0,male,bachelor,1.0,3.0
cbctgbhm,yufw2e6r,15,0,15,1.0,14.5282644745692,7.35487993020429,1,1.0,4.0,25.0,4.0,80.0,29.0,male,bachelor,1.0,3.0
cbctgbhm,348tf35r,5,3,2,1.0,15.6552619854883,-10.6145146455845,0,1.0,4.0,-10.0,2.0,0.0,36.0,male,bachelor,0.0,3.0
cbctgbhm,7vn5xywq,10,3,7,1.0,15.3352032889933,8.30613918663683,0,0.0,4.0,15.0,3.0,20.0,20.0,male,some_college,0.0,2.0
cbctgbhm,i4xj11ku,15,3,12,0.0,15.6552619854883,-10.6145146455845,0,,,30.0,2.0,50.0,20.0,male,some_college,0.0,3.0
cbctgbhm,mpd3u7mq,10,6,4,1.0,15.1098174886843,-18.5046274258981,1,0.0,2.0,30.0,2.0,30.0,46.0,female,some_college,0.0,3.0
cbctgbhm,zkgv5w35,15,6,9,1.0,15.6552619854883,-10.6145146455845,0,1.0,5.0,15.0,5.0,0.0,22.0,male,some_college,0.0,3.0
cbctgbhm,di3j8cr3,15,9,6,0.0,15.6552619854883,-10.6145146455845,0,,,8.0,4.0,96.0,41.0,female,graduate,1.0,3.0
cbctgbhm,zcddontx,10,0,10,1.0,14.5282644745692,7.35487993020429,1,1.0,4.0,18.0,3.0,85.0,43.0,male,graduate,0.0,3.0
cbctgbhm,ajtg9lty,15,0,15,1.0,15.6552619854883,-10.6145146455845,0,1.0,3.0,16.0,4.0,70.0,70.0,male,graduate,0.0,3.0
cbctgbhm,ccqyahvy,5,0,5,1.0,15.1098174886843,-18.5046274258981,1,0.0,5.0,10.0,3.0,100.0,27.0,female,bachelor,0.0,3.0
cbctgbhm,kk7mqksf,10,0,10,1.0,15.3352032889933,8.30613918663683,0,1.0,4.0,22.0,4.0,70.0,23.0,male,bachelor,1.0,3.0
cbctgbhm,g1ez8a0y,15,0,15,1.0,15.6552619854883,-10.6145146455845,0,1.0,4.0,5.0,3.0,80.0,20.0,female,some_college,1.0,3.0
cbctgbhm,5gk5vveb,5,3,2,1.0,15.3352032889933,8.30613918663683,0,1.0,4.0,7.0,3.0,50.0,39.0,male,bachelor,0.0,3.0
cbctgbhm,qyu99c5g,10,3,7,1.0,14.5282644745692,7.35487993020429,1,1.0,5.0,15.0,3.0,97.0,40.0,male,bachelor,0.0,2.0
cbctgbhm,xxyp19no,15,3,12,0.0,14.5282644745692,7.35487993020429,1,,,3.2,1.0,40.0,38.0,male,bachelor,1.0,3.0
cbctgbhm,4qy9jb68,10,6,4,1.0,14.5282644745692,7.35487993020429,1,1.0,5.0,10.0,4.0,20.0,20.0,male,some_college,0.0,3.0
cbctgbhm,4q2d6etp,15,6,9,1.0,15.6552619854883,-10.6145146455845,0,1.0,4.0,8.0,3.0,60.0,40.0,male,bachelor,1.0,3.0
cbctgbhm,fff8uhec,15,9,6,0.0,15.6552619854883,-10.6145146455845,0,,,20.0,2.0,30.0,26.0,female,highschool,0.0,3.0
cbctgbhm,9y7orpx4,5,0,5,0.0,15.1098174886843,-18.5046274258981,1,,,20.0,3.0,5.0,36.0,male,some_college,0.0,3.0
cbctgbhm,24him4bl,10,0,10,1.0,15.1098174886843,-18.5046274258981,1,1.0,4.0,20.0,4.0,50.0,30.0,male,bachelor,0.0,3.0
cbctgbhm,d7kmf5d4,15,0,15,1.0,15.3352032889933,8.30613918663683,0,0.0,4.0,5.0,3.0,50.0,37.0,male,graduate,0.0,2.0
cbctgbhm,gwmr20ji,5,0,5,1.0,14.5282644745692,7.35487993020429,1,1.0,5.0,30.0,5.0,100.0,35.0,female,bachelor,0.0,3.0
cbctgbhm,dt7z6i59,10,0,10,1.0,15.1098174886843,-18.5046274258981,1,1.0,4.0,20.0,4.0,65.0,39.0,male,bachelor,0.0,3.0
cbctgbhm,2zd8pnbt,15,0,15,1.0,14.5282644745692,7.35487993020429,1,1.0,5.0,3.0,4.0,50.0,40.0,male,some_college,0.0,3.0
cbctgbhm,etst1lye,5,3,2,0.0,15.6552619854883,-10.6145146455845,0,,,15.0,2.0,20.0,46.0,male,bachelor,1.0,3.0
cbctgbhm,ifm6lcbz,10,3,7,0.0,15.1098174886843,-18.5046274258981,1,,,15.0,3.0,60.0,22.0,male,bachelor,0.0,3.0
cbctgbhm,y56lswkd,10,6,4,0.0,14.5282644745692,7.35487993020429,1,,,19.0,2.0,40.0,55.0,male,bachelor,0.0,3.0
cbctgbhm,jjbit70w,15,6,9,1.0,15.6552619854883,-10.6145146455845,0,1.0,4.0,4.0,3.0,25.0,23.0,male,graduate,0.0,3.0
cbctgbhm,cvexd4pu,15,9,6,0.0,15.1098174886843,-18.5046274258981,1,,,10.0,3.0,50.0,31.0,female,bachelor,0.0,3.0
cbctgbhm,m6rle2ro,5,0,5,1.0,15.1098174886843,-18.5046274258981,1,1.0,3.0,-15.0,3.0,0.0,35.0,male,graduate,1.0,3.0
cbctgbhm,u6y2p5pv,15,0,15,0.0,14.5282644745692,7.35487993020429,1,,,25.0,4.0,30.0,22.0,female,bachelor,0.0,3.0
cbctgbhm,m93r9llj,5,0,5,1.0,15.1098174886843,-18.5046274258981,1,1.0,5.0,5.0,4.0,50.0,26.0,male,bachelor,1.0,3.0
cbctgbhm,f871lebx,10,0,10,0.0,15.3352032889933,8.30613918663683,0,,,-5.0,3.0,10.0,30.0,male,some_college,1.0,3.0
cbctgbhm,4ytpkauo,15,0,15,0.0,15.3352032889933,8.30613918663683,0,,,-10.0,2.0,10.0,33.0,female,bachelor,0.0,3.0
cbctgbhm,tabtrmjn,5,3,2,1.0,15.1098174886843,-18.5046274258981,1,1.0,5.0,30.0,5.0,80.0,26.0,male,bachelor,1.0,2.0
cbctgbhm,1qy556ki,15,3,12,1.0,15.6552619854883,-10.6145146455845,0,1.0,4.0,10.0,5.0,30.0,27.0,female,bachelor,1.0,3.0
cbctgbhm,qs818v4l,10,6,4,1.0,14.5282644745692,7.35487993020429,1,1.0,5.0,15.0,5.0,84.0,37.0,male,graduate,0.0,3.0
cbctgbhm,b91f63dm,5,0,5,1.0,14.5282644745692,7.35487993020429,1,1.0,4.0,15.0,4.0,50.0,65.0,female,bachelor,0.0,3.0
cbctgbhm,bq2akeyk,10,0,10,1.0,15.3352032889933,8.30613918663683,0,1.0,3.0,12.0,3.0,50.0,36.0,male,highschool,0.0,2.0
cbctgbhm,yt9xyow0,15,0,15,0.0,15.6552619854883,-10.6145146455845,0,,,10.0,3.0,100.0,43.0,male,bachelor,0.0,3.0
cbctgbhm,imb2ursw,5,0,5,1.0,14.5282644745692,7.35487993020429,1,1.0,3.0,15.0,3.0,50.0,30.0,male,bachelor,0.0,2.0
cbctgbhm,ubtsa10z,10,0,10,0.0,15.1098174886843,-18.5046274258981,1,,,5.0,2.0,100.0,35.0,male,highschool,0.0,3.0
cbctgbhm,u8jpngry,15,0,15,1.0,15.3352032889933,8.30613918663683,0,0.0,4.0,15.0,4.0,35.0,46.0,male,some_college,0.0,3.0
cbctgbhm,eqq15cll,5,3,2,1.0,15.6552619854883,-10.6145146455845,0,1.0,2.0,25.0,4.0,15.0,26.0,male,bachelor,0.0,3.0
cbctgbhm,h6wcbc01,10,3,7,1.0,15.1098174886843,-18.5046274258981,1,1.0,4.0,-9.0,4.0,10.0,31.0,male,bachelor,1.0,3.0
cbctgbhm,yvxsp9xo,15,3,12,1.0,15.6552619854883,-10.6145146455845,0,1.0,3.0,10.0,4.0,20.0,57.0,male,graduate,0.0,3.0
cbctgbhm,e3iv0s50,10,6,4,0.0,14.5282644745692,7.35487993020429,1,,,4.0,2.0,20.0,47.0,male,graduate,1.0,3.0
cbctgbhm,azyfhfdz,15,6,9,1.0,14.5282644745692,7.35487993020429,1,1.0,4.0,17.0,4.0,40.0,48.0,male,graduate,0.0,3.0
cbctgbhm,9dl0dq4p,10,0,10,1.0,14.5282644745692,7.35487993020429,1,1.0,4.0,50.0,4.0,100.0,52.0,male,highschool,0.0,2.0
cbctgbhm,apdb2hm6,15,0,15,1.0,15.1098174886843,-18.5046274258981,1,0.0,4.0,40.0,5.0,40.0,31.0,male,bachelor,1.0,1.0
cbctgbhm,fe5u2uuh,5,0,5,1.0,15.1098174886843,-18.5046274258981,1,0.0,4.0,15.0,2.0,30.0,33.0,male,bachelor,0.0,3.0
cbctgbhm,vq6hlm28,10,0,10,1.0,15.6552619854883,-10.6145146455845,0,0.0,2.0,30.0,2.0,20.0,36.0,female,graduate,0.0,3.0
cbctgbhm,98rmtxbs,15,0,15,1.0,15.6552619854883,-10.6145146455845,0,0.0,3.0,20.0,3.0,50.0,39.0,female,bachelor,0.0,3.0
cbctgbhm,qj9ejm54,5,3,2,1.0,14.5282644745692,7.35487993020429,1,1.0,3.0,20.0,5.0,50.0,23.0,female,bachelor,0.0,2.0
cbctgbhm,c7a9k7yg,10,3,7,1.0,15.1098174886843,-18.5046274258981,1,1.0,3.0,12.0,3.0,40.0,63.0,male,bachelor,0.0,3.0
cbctgbhm,fyhqq3sv,10,6,4,0.0,14.5282644745692,7.35487993020429,1,,,10.0,3.0,25.0,20.0,male,some_college,0.0,3.0
cbctgbhm,zdrhv0km,15,6,9,1.0,14.5282644745692,7.35487993020429,1,1.0,4.0,16.0,3.0,75.0,36.0,male,graduate,1.0,3.0
cbctgbhm,fgw03yq6,15,9,6,0.0,15.3352032889933,8.30613918663683,0,,,10.0,3.0,25.0,32.0,female,graduate,0.0,3.0
cbctgbhm,pcj02eds,5,0,5,1.0,15.1098174886843,-18.5046274258981,1,0.0,3.0,10.0,2.0,30.0,25.0,female,bachelor,0.0,1.0
cbctgbhm,juq8424u,10,0,10,1.0,14.5282644745692,7.35487993020429,1,1.0,5.0,21.0,4.0,40.0,28.0,male,graduate,0.0,3.0
cbctgbhm,6s6fjun9,15,0,15,0.0,15.6552619854883,-10.6145146455845,0,,,10.0,2.0,40.0,44.0,male,bachelor,0.0,3.0
cbctgbhm,7seyalmb,5,0,5,1.0,14.5282644745692,7.35487993020429,1,1.0,3.0,20.0,3.0,100.0,32.0,male,bachelor,0.0,3.0
cbctgbhm,xvccu8m7,10,0,10,1.0,15.1098174886843,-18.5046274258981,1,1.0,4.0,18.0,4.0,90.0,31.0,male,bachelor,1.0,3.0
cbctgbhm,zplu0a28,15,0,15,1.0,14.5282644745692,7.35487993020429,1,0.0,3.0,10.0,3.0,20.0,24.0,female,bachelor,0.0,3.0
cbctgbhm,jwend8bc,5,3,2,1.0,15.1098174886843,-18.5046274258981,1,1.0,4.0,1.0,3.0,10.0,59.0,male,bachelor,0.0,3.0
cbctgbhm,jng94to2,10,3,7,1.0,15.1098174886843,-18.5046274258981,1,1.0,3.0,3.0,3.0,97.0,29.0,male,highschool,1.0,3.0
cbctgbhm,rdgrgymj,15,3,12,0.0,14.5282644745692,7.35487993020429,1,,,15.0,3.0,70.0,46.0,female,bachelor,0.0,2.0
cbctgbhm,sg424v4k,10,6,4,0.0,14.5282644745692,7.35487993020429,1,,,15.0,4.0,75.0,67.0,male,bachelor,0.0,3.0
cbctgbhm,oyhb2pry,15,6,9,1.0,14.5282644745692,7.35487993020429,1,0.0,5.0,30.0,5.0,80.0,29.0,male,bachelor,1.0,2.0
cbctgbhm,p9trvu7y,15,9,6,0.0,15.6552619854883,-10.6145146455845,0,,,0.0,2.0,0.0,46.0,female,highschool,0.0,3.0
cbctgbhm,sy1c2sos,5,0,5,0.0,15.3352032889933,8.30613918663683,0,,,12.0,3.0,60.0,27.0,female,bachelor,1.0,3.0
cbctgbhm,mjss6fnp,10,0,10,0.0,15.1098174886843,-18.5046274258981,1,,,16.0,2.0,20.0,57.0,female,bachelor,0.0,3.0
cbctgbhm,hls3tlay,15,0,15,1.0,15.1098174886843,-18.5046274258981,1,1.0,5.0,0.0,2.0,0.0,38.0,male,highschool,0.0,3.0
cbctgbhm,iy7ug43d,5,0,5,1.0,15.1098174886843,-18.5046274258981,1,1.0,4.0,3.0,1.0,5.0,40.0,female,graduate,0.0,3.0
cbctgbhm,a7mrklx1,15,0,15,1.0,14.5282644745692,7.35487993020429,1,1.0,4.0,28.0,4.0,53.0,53.0,female,some_college,0.0,3.0
cbctgbhm,9xqzwuul,5,3,2,1.0,14.5282644745692,7.35487993020429,1,0.0,3.0,16.0,2.0,60.0,23.0,female,some_college,1.0,3.0
cbctgbhm,oltqk75z,10,3,7,1.0,15.6552619854883,-10.6145146455845,0,0.0,3.0,12.0,3.0,25.0,33.0,male,graduate,0.0,3.0
cbctgbhm,6sldcquf,15,3,12,1.0,15.1098174886843,-18.5046274258981,1,0.0,4.0,15.0,3.0,97.0,26.0,female,bachelor,0.0,3.0
cbctgbhm,q4mqxy2w,15,9,6,1.0,15.3352032889933,8.30613918663683,0,1.0,3.0,16.0,2.0,45.0,29.0,female,bachelor,1.0,3.0
cbctgbhm,kdpevhy8,5,0,5,1.0,15.3352032889933,8.30613918663683,0,0.0,4.0,16.0,3.0,100.0,39.0,male,graduate,1.0,3.0
cbctgbhm,jwh262gr,10,0,10,1.0,14.5282644745692,7.35487993020429,1,1.0,5.0,20.0,5.0,100.0,64.0,male,some_college,0.0,3.0
cbctgbhm,249s463d,15,0,15,0.0,15.3352032889933,8.30613918663683,0,,,5.0,2.0,10.0,48.0,female,some_college,0.0,2.0
cbctgbhm,u35qocp4,5,0,5,0.0,15.1098174886843,-18.5046274258981,1,,,50.0,4.0,5.0,32.0,male,graduate,0.0,1.0
cbctgbhm,xsl7hvmk,10,0,10,0.0,15.3352032889933,8.30613918663683,0,,,26.0,3.0,32.0,29.0,male,bachelor,1.0,3.0
cbctgbhm,q8a2aa8e,5,3,2,1.0,15.1098174886843,-18.5046274258981,1,1.0,5.0,-10.0,5.0,0.0,32.0,male,bachelor,0.0,3.0
cbctgbhm,rbcxqxsx,10,3,7,1.0,15.3352032889933,8.30613918663683,0,0.0,4.0,15.0,1.0,20.0,39.0,female,graduate,1.0,3.0
cbctgbhm,dw05u50m,15,3,12,1.0,14.5282644745692,7.35487993020429,1,1.0,4.0,20.0,4.0,30.0,35.0,female,some_college,0.0,2.0
cbctgbhm,0tq1wqhs,10,6,4,1.0,14.5282644745692,7.35487993020429,1,0.0,4.0,18.0,3.0,25.0,43.0,female,graduate,0.0,3.0
cbctgbhm,3iqp0uyt,15,6,9,1.0,14.5282644745692,7.35487993020429,1,1.0,4.0,20.0,3.0,70.0,31.0,female,bachelor,1.0,3.0
cbctgbhm,oxlv23te,15,9,6,0.0,14.5282644745692,7.35487993020429,1,,,5.0,2.0,25.0,57.0,female,some_college,0.0,3.0
cbctgbhm,osyntsy6,5,0,5,1.0,15.3352032889933,8.30613918663683,0,1.0,2.0,15.0,2.0,50.0,38.0,female,graduate,0.0,3.0
cbctgbhm,gbchzoup,10,0,10,1.0,15.6552619854883,-10.6145146455845,0,0.0,3.0,10.0,2.0,15.0,32.0,male,bachelor,0.0,2.0
cbctgbhm,ki9dd4lj,15,0,15,1.0,15.6552619854883,-10.6145146455845,0,0.0,2.0,5.0,2.0,20.0,47.0,female,graduate,0.0,2.0
cbctgbhm,dpo4gp6h,5,0,5,1.0,14.5282644745692,7.35487993020429,1,1.0,4.0,28.0,1.0,40.0,45.0,female,bachelor,1.0,3.0
cbctgbhm,zrw77g07,10,0,10,1.0,15.6552619854883,-10.6145146455845,0,1.0,3.0,8.0,2.0,60.0,26.0,female,graduate,1.0,3.0
cbctgbhm,uii4x5le,15,0,15,1.0,14.5282644745692,7.35487993020429,1,1.0,4.0,20.0,4.0,50.0,25.0,female,bachelor,0.0,2.0
cbctgbhm,dyxh02gj,5,3,2,1.0,15.6552619854883,-10.6145146455845,0,1.0,4.0,-15.0,3.0,15.0,55.0,male,bachelor,0.0,3.0
cbctgbhm,upgpfjz8,10,6,4,1.0,15.3352032889933,8.30613918663683,0,1.0,4.0,30.0,3.0,30.0,36.0,male,bachelor,1.0,3.0
cbctgbhm,2rsod6bh,15,6,9,1.0,15.6552619854883,-10.6145146455845,0,1.0,5.0,23.0,5.0,89.0,28.0,male,bachelor,1.0,2.0
cbctgbhm,cwxkkzbg,15,9,6,1.0,15.6552619854883,-10.6145146455845,0,1.0,5.0,5.0,3.0,0.0,24.0,male,bachelor,1.0,3.0
cbctgbhm,m8voi9hd,5,0,5,1.0,14.5282644745692,7.35487993020429,1,1.0,4.0,20.0,3.0,75.0,60.0,male,graduate,0.0,3.0
cbctgbhm,6ismerzv,15,0,15,0.0,15.1098174886843,-18.5046274258981,1,,,22.0,2.0,30.0,33.0,male,bachelor,0.0,3.0
cbctgbhm,cm2eslcn,5,0,5,0.0,15.3352032889933,8.30613918663683,0,,,25.0,4.0,5.0,28.0,female,graduate,0.0,3.0
cbctgbhm,xlcn02yj,10,0,10,1.0,15.6552619854883,-10.6145146455845,0,1.0,4.0,12.0,3.0,70.0,43.0,male,some_college,1.0,3.0
cbctgbhm,qy7au3ob,15,0,15,1.0,14.5282644745692,7.35487993020429,1,1.0,5.0,10.0,5.0,100.0,31.0,male,bachelor,0.0,3.0
cbctgbhm,4vxih75y,5,3,2,1.0,14.5282644745692,7.35487993020429,1,1.0,5.0,30.0,4.0,97.0,25.0,male,bachelor,1.0,3.0
cbctgbhm,7fazstu9,10,3,7,1.0,15.6552619854883,-10.6145146455845,0,1.0,5.0,3.0,3.0,40.0,27.0,male,bachelor,1.0,3.0
cbctgbhm,do45nkn8,15,3,12,0.0,15.6552619854883,-10.6145146455845,0,,,5.0,4.0,20.0,56.0,male,bachelor,0.0,3.0
cbctgbhm,g9vxajfn,10,6,4,1.0,14.5282644745692,7.35487993020429,1,1.0,3.0,20.0,3.0,94.0,35.0,female,bachelor,0.0,3.0
cbctgbhm,xjh0pder,15,6,9,1.0,15.6552619854883,-10.6145146455845,0,1.0,5.0,10.0,5.0,20.0,36.0,male,graduate,1.0,3.0
cbctgbhm,zca5pn92,15,9,6,1.0,15.6552619854883,-10.6145146455845,0,1.0,5.0,35.0,4.0,40.0,42.0,male,bachelor,1.0,3.0
cbctgbhm,0yob3mgk,5,0,5,1.0,14.5282644745692,7.35487993020429,1,1.0,4.0,15.0,4.0,85.0,35.0,male,graduate,1.0,3.0
cbctgbhm,ctfdvj0u,10,0,10,1.0,15.6552619854883,-10.6145146455845,0,0.0,4.0,14.0,3.0,45.0,35.0,female,bachelor,0.0,3.0
cbctgbhm,5xvelvn3,15,0,15,1.0,14.5282644745692,7.35487993020429,1,1.0,4.0,10.0,4.0,15.0,34.0,male,bachelor,0.0,3.0
cbctgbhm,3uqnyywp,10,0,10,1.0,15.1098174886843,-18.5046274258981,1,1.0,4.0,-10.0,4.0,0.0,48.0,male,bachelor,0.0,3.0
cbctgbhm,qqvl3tfr,15,0,15,1.0,14.5282644745692,7.35487993020429,1,0.0,4.0,17.0,2.0,20.0,24.0,male,bachelor,0.0,3.0
cbctgbhm,rfeq0n8a,5,3,2,1.0,15.3352032889933,8.30613918663683,0,1.0,2.0,15.0,2.0,40.0,24.0,male,bachelor,1.0,3.0
cbctgbhm,46052zlk,10,6,4,1.0,15.6552619854883,-10.6145146455845,0,1.0,4.0,5.0,3.0,30.0,38.0,male,bachelor,0.0,2.0
cbctgbhm,1r5smf0i,15,6,9,1.0,15.1098174886843,-18.5046274258981,1,1.0,4.0,10.0,4.0,44.0,29.0,female,graduate,0.0,3.0
cbctgbhm,vy3pgg4a,5,0,5,1.0,15.1098174886843,-18.5046274258981,1,1.0,3.0,45.0,3.0,28.0,55.0,female,some_college,0.0,2.0
cbctgbhm,ef01sb2j,15,0,15,0.0,15.1098174886843,-18.5046274258981,1,,,15.0,1.0,100.0,50.0,male,graduate,0.0,3.0
cbctgbhm,xipknoz3,5,0,5,0.0,14.5282644745692,7.35487993020429,1,,,18.0,3.0,10.0,31.0,male,bachelor,1.0,2.0
cbctgbhm,b2uipch9,15,0,15,1.0,15.6552619854883,-10.6145146455845,0,1.0,4.0,4.0,4.0,60.0,28.0,female,graduate,1.0,3.0
cbctgbhm,apckfwtw,5,3,2,1.0,15.1098174886843,-18.5046274258981,1,1.0,4.0,2.0,4.0,7.0,54.0,male,bachelor,0.0,3.0
cbctgbhm,djw5oxe3,10,3,7,1.0,15.6552619854883,-10.6145146455845,0,1.0,4.0,-5.0,4.0,0.0,25.0,male,graduate,1.0,3.0
cbctgbhm,9a0wfiu0,15,3,12,0.0,15.1098174886843,-18.5046274258981,1,,,20.0,4.0,80.0,29.0,female,bachelor,0.0,3.0
cbctgbhm,1aj2vczm,10,6,4,1.0,15.1098174886843,-18.5046274258981,1,1.0,2.0,5.0,2.0,5.0,35.0,male,graduate,0.0,3.0
cbctgbhm,5nq9614a,15,9,6,1.0,15.1098174886843,-18.5046274258981,1,1.0,4.0,16.0,3.0,20.0,36.0,male,bachelor,1.0,3.0
cbctgbhm,qt7lrq19,5,0,5,1.0,15.1098174886843,-18.5046274258981,1,1.0,3.0,5.0,2.0,25.0,36.0,male,highschool,1.0,3.0
cbctgbhm,hg2h509x,10,0,10,1.0,15.1098174886843,-18.5046274258981,1,1.0,4.0,-15.0,3.0,0.0,35.0,male,bachelor,0.0,3.0
cbctgbhm,qi95vf6f,15,0,15,1.0,14.5282644745692,7.35487993020429,1,1.0,3.0,22.0,3.0,25.0,32.0,male,graduate,0.0,3.0
cbctgbhm,09vce9ix,5,0,5,1.0,14.5282644745692,7.35487993020429,1,1.0,5.0,15.0,4.0,100.0,32.0,male,graduate,1.0,3.0
cbctgbhm,ohzpgr5g,10,0,10,0.0,15.1098174886843,-18.5046274258981,1,,,20.0,4.0,20.0,27.0,male,graduate,1.0,3.0
cbctgbhm,11pdpdgk,15,0,15,1.0,15.3352032889933,8.30613918663683,0,0.0,3.0,20.0,3.0,50.0,23.0,female,graduate,0.0,3.0
cbctgbhm,v8nsvv7e,5,3,2,1.0,15.1098174886843,-18.5046274258981,1,1.0,3.0,25.0,3.0,30.0,36.0,female,graduate,1.0,3.0
cbctgbhm,esld9d39,10,3,7,1.0,15.3352032889933,8.30613918663683,0,1.0,3.0,12.0,3.0,70.0,47.0,female,bachelor,1.0,3.0
cbctgbhm,tv4iru5c,15,3,12,0.0,15.6552619854883,-10.6145146455845,0,,,25.0,4.0,5.0,24.0,male,some_college,0.0,2.0
cbctgbhm,7tohzg3v,10,6,4,1.0,14.5282644745692,7.35487993020429,1,1.0,3.0,20.0,3.0,40.0,67.0,female,bachelor,0.0,3.0
cbctgbhm,dpdlla7p,15,9,6,1.0,15.1098174886843,-18.5046274258981,1,0.0,5.0,10.0,5.0,10.0,21.0,female,bachelor,1.0,3.0
cbctgbhm,pyp9a4rm,5,0,5,0.0,15.3352032889933,8.30613918663683,0,,,20.0,4.0,40.0,30.0,male,some_college,0.0,1.0
cbctgbhm,ek0p325x,10,0,10,1.0,14.5282644745692,7.35487993020429,1,1.0,5.0,30.0,3.0,100.0,30.0,female,graduate,1.0,3.0
cbctgbhm,hru3uz99,15,0,15,1.0,14.5282644745692,7.35487993020429,1,1.0,4.0,25.0,3.0,25.0,21.0,male,bachelor,0.0,3.0
cbctgbhm,veremfe3,5,0,5,1.0,15.1098174886843,-18.5046274258981,1,1.0,4.0,15.0,4.0,65.0,37.0,male,bachelor,1.0,3.0
cbctgbhm,t3kw11ok,10,0,10,1.0,14.5282644745692,7.35487993020429,1,1.0,4.0,22.0,3.0,30.0,26.0,male,graduate,1.0,3.0
cbctgbhm,7rbfa5ag,15,0,15,0.0,15.6552619854883,-10.6145146455845,0,,,5.0,5.0,20.0,25.0,male,some_college,1.0,3.0
cbctgbhm,vtimvg3e,5,3,2,0.0,15.3352032889933,8.30613918663683,0,,,2.0,3.0,55.0,26.0,female,graduate,0.0,3.0
cbctgbhm,v1jv8pif,10,3,7,1.0,15.3352032889933,8.30613918663683,0,1.0,3.0,19.0,2.0,24.0,68.0,male,some_college,0.0,3.0
cbctgbhm,ag29ky4f,15,3,12,1.0,14.5282644745692,7.35487993020429,1,1.0,2.0,15.0,3.0,50.0,34.0,female,bachelor,0.0,3.0
cbctgbhm,60s5pf54,10,6,4,1.0,15.6552619854883,-10.6145146455845,0,1.0,3.0,12.0,3.0,30.0,31.0,female,bachelor,0.0,2.0
cbctgbhm,kx6fx4be,15,6,9,1.0,15.1098174886843,-18.5046274258981,1,1.0,4.0,0.0,4.0,0.0,67.0,female,bachelor,1.0,3.0
cbctgbhm,73jghh3l,15,9,6,1.0,15.1098174886843,-18.5046274258981,1,1.0,4.0,-1.0,3.0,40.0,60.0,male,graduate,1.0,3.0
cbctgbhm,no05s8l0,5,0,5,1.0,15.6552619854883,-10.6145146455845,0,1.0,5.0,15.0,5.0,90.0,62.0,male,some_college,0.0,3.0
cbctgbhm,wt33eir3,10,0,10,1.0,15.6552619854883,-10.6145146455845,0,1.0,4.0,12.0,2.0,0.0,43.0,male,graduate,1.0,3.0
cbctgbhm,j677rs5l,15,0,15,0.0,14.5282644745692,7.35487993020429,1,,,10.0,3.0,10.0,56.0,male,graduate,0.0,3.0
cbctgbhm,9bxb8iuj,5,0,5,1.0,15.1098174886843,-18.5046274258981,1,1.0,4.0,-5.0,4.0,0.0,49.0,male,bachelor,0.0,3.0
cbctgbhm,y56xei6m,10,0,10,1.0,15.3352032889933,8.30613918663683,0,1.0,4.0,13.0,3.0,70.0,51.0,male,some_college,0.0,3.0
cbctgbhm,fazmrc0t,15,0,15,0.0,15.6552619854883,-10.6145146455845,0,,,20.0,3.0,10.0,58.0,male,graduate,0.0,3.0
cbctgbhm,n4imrppg,5,3,2,0.0,15.6552619854883,-10.6145146455845,0,,,22.0,3.0,30.0,20.0,male,some_college,0.0,3.0
cbctgbhm,82u7807i,10,3,7,1.0,15.3352032889933,8.30613918663683,0,1.0,4.0,50.0,3.0,100.0,29.0,male,bachelor,1.0,2.0
cbctgbhm,z8atuwm3,15,3,12,1.0,15.1098174886843,-18.5046274258981,1,0.0,4.0,15.0,3.0,50.0,29.0,female,graduate,1.0,3.0
cbctgbhm,qy9tursj,10,6,4,1.0,14.5282644745692,7.35487993020429,1,1.0,4.0,20.0,3.0,25.0,55.0,male,bachelor,1.0,3.0
cbctgbhm,rj96p1b3,15,6,9,1.0,15.3352032889933,8.30613918663683,0,1.0,3.0,12.0,3.0,50.0,48.0,male,bachelor,1.0,3.0
cbctgbhm,d7mjj1r3,5,0,5,1.0,15.1098174886843,-18.5046274258981,1,1.0,2.0,10.0,3.0,20.0,35.0,female,graduate,0.0,3.0
cbctgbhm,n5hmtw58,10,0,10,1.0,15.1098174886843,-18.5046274258981,1,1.0,4.0,18.5,4.0,50.0,42.0,male,some_college,1.0,3.0
cbctgbhm,5mw3yk5j,5,0,5,1.0,15.3352032889933,8.30613918663683,0,0.0,3.0,20.0,1.0,20.0,49.0,female,bachelor,1.0,3.0
cbctgbhm,chaq1foc,15,0,15,0.0,15.6552619854883,-10.6145146455845,0,,,2.0,2.0,20.0,48.0,female,graduate,0.0,3.0
cbctgbhm,80cdkqck,5,3,2,1.0,15.1098174886843,-18.5046274258981,1,1.0,5.0,-2.0,4.0,30.0,30.0,female,bachelor,1.0,3.0
cbctgbhm,rq16asjh,10,6,4,0.0,14.5282644745692,7.35487993020429,1,,,21.0,2.0,75.0,39.0,male,graduate,1.0,3.0
cbctgbhm,60ltvplq,15,9,6,0.0,14.5282644745692,7.35487993020429,1,,,15.0,2.0,50.0,37.0,male,bachelor,1.0,3.0
cbctgbhm,fzdrbznh,5,0,5,0.0,15.6552619854883,-10.6145146455845,0,,,10.0,4.0,30.0,80.0,male,bachelor,0.0,3.0
cbctgbhm,2r16tbnf,15,0,15,0.0,14.5282644745692,7.35487993020429,1,,,22.0,3.0,100.0,31.0,female,some_college,0.0,3.0
cbctgbhm,b28vgwr3,5,0,5,1.0,15.1098174886843,-18.5046274258981,1,1.0,4.0,-10.0,3.0,20.0,46.0,male,bachelor,0.0,3.0
cbctgbhm,tumsnr75,10,0,10,1.0,15.1098174886843,-18.5046274258981,1,1.0,3.0,15.0,3.0,45.0,34.0,female,graduate,1.0,3.0
cbctgbhm,qgbzshoe,15,0,15,1.0,15.3352032889933,8.30613918663683,0,1.0,3.0,10.0,2.0,50.0,52.0,male,bachelor,0.0,3.0
cbctgbhm,4k4iffch,10,3,7,1.0,14.5282644745692,7.35487993020429,1,1.0,4.0,20.0,4.0,80.0,27.0,male,highschool,0.0,3.0
cbctgbhm,teoubldf,15,3,12,1.0,15.6552619854883,-10.6145146455845,0,1.0,2.0,30.0,2.0,94.0,30.0,female,graduate,1.0,1.0
cbctgbhm,en3dfukh,10,6,4,1.0,14.5282644745692,7.35487993020429,1,1.0,5.0,20.0,1.0,30.0,23.0,female,graduate,0.0,2.0
cbctgbhm,6gt3a6cm,15,6,9,1.0,15.3352032889933,8.30613918663683,0,1.0,5.0,50.0,4.0,45.0,64.0,male,bachelor,0.0,2.0
cbctgbhm,ubf5jn3m,15,9,6,1.0,14.5282644745692,7.35487993020429,1,0.0,3.0,20.0,4.0,50.0,36.0,male,some_college,1.0,3.0
cbctgbhm,9uruneaj,5,0,5,1.0,15.3352032889933,8.30613918663683,0,1.0,4.0,18.0,3.0,70.0,34.0,male,bachelor,0.0,3.0
cbctgbhm,h888ta5l,10,0,10,0.0,15.1098174886843,-18.5046274258981,1,,,5.0,2.0,50.0,32.0,male,some_college,0.0,3.0
cbctgbhm,ya4nsosv,15,0,15,1.0,15.1098174886843,-18.5046274258981,1,1.0,5.0,-15.0,4.0,0.0,51.0,male,graduate,0.0,3.0
cbctgbhm,0vrjsv6w,5,0,5,1.0,14.5282644745692,7.35487993020429,1,1.0,4.0,6.0,3.0,100.0,54.0,female,some_college,0.0,3.0
cbctgbhm,wbcmjhks,10,0,10,1.0,15.1098174886843,-18.5046274258981,1,1.0,4.0,-5.0,3.0,50.0,71.0,male,bachelor,1.0,3.0
cbctgbhm,qzt64mio,15,0,15,0.0,14.5282644745692,7.35487993020429,1,,,30.0,1.0,100.0,49.0,male,graduate,0.0,3.0
cbctgbhm,fp8ixhub,5,3,2,1.0,15.3352032889933,8.30613918663683,0,1.0,3.0,0.0,4.0,40.0,35.0,male,bachelor,1.0,3.0
cbctgbhm,ftx6gkru,10,3,7,0.0,15.3352032889933,8.30613918663683,0,,,17.0,4.0,45.0,61.0,male,graduate,0.0,3.0
cbctgbhm,c4zp0ugb,15,3,12,0.0,15.1098174886843,-18.5046274258981,1,,,10.0,3.0,50.0,40.0,female,bachelor,0.0,3.0
cbctgbhm,h7ma0nhj,10,6,4,1.0,15.3352032889933,8.30613918663683,0,0.0,2.0,15.0,2.0,50.0,68.0,female,some_college,0.0,3.0
cbctgbhm,v2hy6fij,15,6,9,0.0,15.3352032889933,8.30613918663683,0,,,8.0,3.0,15.0,29.0,male,bachelor,1.0,3.0
cbctgbhm,y593ex6j,15,9,6,1.0,15.3352032889933,8.30613918663683,0,1.0,3.0,10.0,3.0,10.0,27.0,female,some_college,1.0,3.0
cbctgbhm,q6b8z6u1,5,0,5,1.0,15.1098174886843,-18.5046274258981,1,1.0,1.0,10.0,1.0,35.0,20.0,male,highschool,0.0,3.0
cbctgbhm,avoikafc,10,0,10,1.0,15.6552619854883,-10.6145146455845,0,0.0,5.0,16.0,1.0,0.0,32.0,male,bachelor,0.0,3.0
cbctgbhm,fmj46lwk,15,0,15,1.0,15.6552619854883,-10.6145146455845,0,1.0,4.0,15.0,3.0,15.0,67.0,female,some_college,0.0,1.0
cbctgbhm,zyl42t5e,5,0,5,1.0,15.3352032889933,8.30613918663683,0,0.0,2.0,1.7,1.0,1000.0,38.0,male,highschool,0.0,1.0
cbctgbhm,i8hv10um,10,0,10,1.0,15.6552619854883,-10.6145146455845,0,0.0,3.0,15.0,3.0,50.0,34.0,female,some_college,1.0,2.0
cbctgbhm,ziup6wd1,15,0,15,1.0,15.1098174886843,-18.5046274258981,1,1.0,5.0,29.0,5.0,78.0,21.0,other,highschool,1.0,3.0
cbctgbhm,1hcizhia,5,3,2,1.0,14.5282644745692,7.35487993020429,1,1.0,5.0,25.0,5.0,50.0,39.0,female,bachelor,0.0,2.0
cbctgbhm,b0wwozbz,10,3,7,0.0,14.5282644745692,7.35487993020429,1,,,20.0,4.0,0.0,46.0,male,graduate,0.0,3.0
cbctgbhm,yfp23cxh,10,6,4,1.0,14.5282644745692,7.35487993020429,1,1.0,5.0,10.0,4.0,40.0,29.0,female,bachelor,1.0,3.0
cbctgbhm,cni7o6cm,15,6,9,1.0,15.3352032889933,8.30613918663683,0,0.0,4.0,7.0,4.0,15.0,22.0,male,highschool,1.0,3.0
cbctgbhm,w43i5t8n,15,9,6,1.0,15.3352032889933,8.30613918663683,0,1.0,4.0,20.0,4.0,80.0,23.0,female,bachelor,1.0,3.0
cbctgbhm,mnfzyn25,5,0,5,1.0,15.3352032889933,8.30613918663683,0,0.0,4.0,15.0,3.0,100.0,59.0,female,bachelor,1.0,3.0
cbctgbhm,jozqqv9s,10,0,10,1.0,15.6552619854883,-10.6145146455845,0,1.0,4.0,2.0,3.0,10.0,50.0,male,graduate,1.0,3.0
cbctgbhm,h2k0znkw,15,0,15,0.0,15.3352032889933,8.30613918663683,0,,,20.0,2.0,25.0,23.0,male,bachelor,0.0,3.0
cbctgbhm,dj4hejwf,5,0,5,1.0,14.5282644745692,7.35487993020429,1,1.0,3.0,1.08,3.0,30.0,36.0,male,bachelor,1.0,3.0
cbctgbhm,0bjpxvya,5,3,2,1.0,15.6552619854883,-10.6145146455845,0,0.0,5.0,20.0,1.0,5.0,31.0,male,bachelor,1.0,3.0
cbctgbhm,g6bhuet0,10,3,7,1.0,15.3352032889933,8.30613918663683,0,1.0,4.0,22.0,4.0,97.0,29.0,female,graduate,1.0,3.0
cbctgbhm,o5twz4zq,10,6,4,1.0,15.3352032889933,8.30613918663683,0,0.0,4.0,10.0,3.0,60.0,37.0,male,bachelor,1.0,3.0
cbctgbhm,pq18z2k9,15,6,9,1.0,15.6552619854883,-10.6145146455845,0,1.0,4.0,-10.0,3.0,10.0,24.0,male,some_college,0.0,2.0
cbctgbhm,55le948o,15,9,6,0.0,15.1098174886843,-18.5046274258981,1,,,23.0,5.0,55.0,22.0,female,some_college,0.0,3.0
cbctgbhm,wj8w3bib,5,0,5,1.0,14.5282644745692,7.35487993020429,1,1.0,3.0,10.0,3.0,50.0,21.0,female,bachelor,1.0,3.0
cbctgbhm,9o7hxoef,15,0,15,0.0,15.1098174886843,-18.5046274258981,1,,,40.0,4.0,45.0,40.0,female,bachelor,1.0,3.0
cbctgbhm,6p92xd9a,5,0,5,1.0,14.5282644745692,7.35487993020429,1,1.0,4.0,15.0,4.0,50.0,55.0,male,bachelor,0.0,3.0
cbctgbhm,1hiick0e,10,0,10,1.0,15.6552619854883,-10.6145146455845,0,1.0,3.0,10.0,2.0,25.0,24.0,male,bachelor,0.0,3.0
cbctgbhm,myf2xlwv,15,0,15,1.0,14.5282644745692,7.35487993020429,1,1.0,3.0,20.0,3.0,20.0,38.0,male,graduate,0.0,3.0
cbctgbhm,jzjxu2rw,5,3,2,1.0,15.3352032889933,8.30613918663683,0,1.0,5.0,10.0,4.0,20.0,37.0,male,highschool,0.0,3.0
cbctgbhm,j3vrcqc5,10,3,7,1.0,15.1098174886843,-18.5046274258981,1,1.0,2.0,17.3,3.0,25.0,43.0,female,bachelor,0.0,3.0
cbctgbhm,clp2aq4q,15,3,12,1.0,15.6552619854883,-10.6145146455845,0,1.0,4.0,15.0,4.0,57.0,37.0,male,bachelor,1.0,1.0
cbctgbhm,r1swwxiz,10,6,4,0.0,15.6552619854883,-10.6145146455845,0,,,-15.0,1.0,0.0,22.0,male,bachelor,0.0,3.0
cbctgbhm,ou1h1xiy,15,6,9,1.0,15.1098174886843,-18.5046274258981,1,1.0,4.0,5.0,4.0,50.0,34.0,male,some_college,0.0,3.0
cbctgbhm,ac4irlv0,15,9,6,1.0,15.1098174886843,-18.5046274258981,1,1.0,3.0,-15.0,3.0,0.0,51.0,female,graduate,0.0,3.0
cbctgbhm,6l9szk0r,5,0,5,1.0,15.6552619854883,-10.6145146455845,0,1.0,4.0,5.0,2.0,20.0,39.0,female,some_college,0.0,1.0
cbctgbhm,yczf03su,15,0,15,1.0,15.3352032889933,8.30613918663683,0,0.0,4.0,15.0,2.0,50.0,38.0,female,bachelor,0.0,3.0
cbctgbhm,y1qlhfiw,5,0,5,1.0,15.6552619854883,-10.6145146455845,0,1.0,2.0,5.0,2.0,100.0,35.0,male,bachelor,1.0,3.0
cbctgbhm,9gilcp5m,10,0,10,1.0,15.6552619854883,-10.6145146455845,0,1.0,4.0,17.0,4.0,100.0,31.0,female,graduate,0.0,3.0
cbctgbhm,xhs6wkvc,15,0,15,0.0,15.1098174886843,-18.5046274258981,1,,,10.0,3.0,5.0,44.0,female,some_college,0.0,3.0
cbctgbhm,9hjokfy5,5,3,2,1.0,14.5282644745692,7.35487993020429,1,0.0,2.0,15.0,2.0,5.0,21.0,female,highschool,0.0,2.0
cbctgbhm,b6odak9m,10,3,7,0.0,15.3352032889933,8.30613918663683,0,,,20.0,4.0,30.0,40.0,male,bachelor,0.0,3.0
cbctgbhm,rjw9c6yf,15,3,12,0.0,14.5282644745692,7.35487993020429,1,,,12.0,3.0,100.0,59.0,female,some_college,0.0,3.0
cbctgbhm,rtefl4rd,15,6,9,1.0,15.1098174886843,-18.5046274258981,1,1.0,4.0,9.0,3.0,34.0,66.0,male,graduate,0.0,3.0
cbctgbhm,73ozxsdh,15,9,6,0.0,15.6552619854883,-10.6145146455845,0,,,10.0,1.0,5.0,42.0,female,bachelor,0.0,3.0
cbctgbhm,w4yipfz2,5,0,5,0.0,15.1098174886843,-18.5046274258981,1,,,-2.0,1.0,5.0,63.0,male,bachelor,1.0,3.0
cbctgbhm,tbzua42o,10,0,10,1.0,15.1098174886843,-18.5046274258981,1,0.0,3.0,15.0,2.0,40.0,48.0,male,bachelor,0.0,3.0
cbctgbhm,8rdw85g1,15,0,15,1.0,15.3352032889933,8.30613918663683,0,1.0,3.0,20.0,2.0,100.0,36.0,male,highschool,0.0,2.0
cbctgbhm,oz4jdxqv,10,0,10,0.0,15.1098174886843,-18.5046274258981,1,,,15.0,4.0,40.0,45.0,male,graduate,0.0,3.0
cbctgbhm,twn5g62g,15,0,15,0.0,15.6552619854883,-10.6145146455845,0,,,17.5,3.0,50.0,63.0,male,graduate,1.0,3.0
cbctgbhm,e19h3pnk,10,3,7,1.0,15.3352032889933,8.30613918663683,0,1.0,5.0,0.0,5.0,0.0,37.0,male,some_college,1.0,3.0
cbctgbhm,2lor0mgm,15,3,12,0.0,15.6552619854883,-10.6145146455845,0,,,-10.0,3.0,30.0,26.0,male,bachelor,0.0,3.0
cbctgbhm,c6c27rka,10,6,4,1.0,15.1098174886843,-18.5046274258981,1,1.0,3.0,5.0,3.0,94.0,38.0,male,some_college,1.0,3.0
cbctgbhm,m2ntwujd,15,6,9,1.0,15.6552619854883,-10.6145146455845,0,1.0,4.0,18.0,3.0,70.0,42.0,male,graduate,1.0,3.0
cbctgbhm,ryha7ku5,15,9,6,0.0,15.6552619854883,-10.6145146455845,0,,,17.0,3.0,20.0,25.0,male,bachelor,1.0,3.0
cbctgbhm,h143puy8,5,0,5,1.0,15.6552619854883,-10.6145146455845,0,1.0,2.0,10.0,3.0,40.0,57.0,female,bachelor,0.0,3.0
cbctgbhm,f7qlzk2j,10,0,10,0.0,15.1098174886843,-18.5046274258981,1,,,15.0,3.0,20.0,24.0,female,graduate,0.0,2.0
cbctgbhm,iswy8gah,15,0,15,1.0,15.1098174886843,-18.5046274258981,1,0.0,2.0,10.0,3.0,20.0,36.0,male,bachelor,1.0,0.0
cbctgbhm,n3jsizgi,5,0,5,1.0,14.5282644745692,7.35487993020429,1,1.0,4.0,25.0,4.0,50.0,28.0,male,bachelor,0.0,3.0
cbctgbhm,zad7ggzo,15,0,15,1.0,14.5282644745692,7.35487993020429,1,1.0,5.0,15.0,5.0,55.0,31.0,female,bachelor,1.0,1.0
cbctgbhm,aa01guai,5,3,2,1.0,15.1098174886843,-18.5046274258981,1,1.0,3.0,13.0,3.0,3.0,34.0,na,graduate,0.0,3.0
cbctgbhm,featdu2m,10,3,7,1.0,14.5282644745692,7.35487993020429,1,1.0,4.0,18.0,4.0,85.0,34.0,female,graduate,0.0,3.0
cbctgbhm,mv57pcuh,15,3,12,1.0,15.1098174886843,-18.5046274258981,1,1.0,4.0,10.0,4.0,97.0,30.0,male,highschool,0.0,3.0
cbctgbhm,ziccrl0w,10,6,4,1.0,15.1098174886843,-18.5046274258981,1,1.0,4.0,-3.0,3.0,10.0,39.0,male,graduate,0.0,3.0
cbctgbhm,kc3sc4kv,15,6,9,1.0,15.6552619854883,-10.6145146455845,0,1.0,3.0,2.0,2.0,24.0,67.0,male,bachelor,0.0,3.0
cbctgbhm,16v9t5m7,15,9,6,0.0,15.1098174886843,-18.5046274258981,1,,,18.0,4.0,80.0,49.0,male,bachelor,1.0,3.0
cbctgbhm,xm88iqu2,10,0,10,0.0,15.6552619854883,-10.6145146455845,0,,,15.0,4.0,100.0,27.0,male,graduate,0.0,3.0
cbctgbhm,5b4eqss6,15,0,15,1.0,15.1098174886843,-18.5046274258981,1,1.0,4.0,-5.0,3.0,0.0,36.0,female,bachelor,0.0,3.0
cbctgbhm,ip53f5nc,5,0,5,1.0,15.3352032889933,8.30613918663683,0,1.0,4.0,5.0,3.0,20.0,35.0,female,graduate,1.0,1.0
cbctgbhm,ap51ba8j,15,0,15,1.0,15.6552619854883,-10.6145146455845,0,1.0,4.0,16.0,4.0,40.0,60.0,female,some_college,0.0,1.0
cbctgbhm,pgr1w0th,5,3,2,1.0,15.3352032889933,8.30613918663683,0,1.0,4.0,10.0,4.0,20.0,35.0,female,bachelor,1.0,3.0
cbctgbhm,5vc1p2kz,10,3,7,1.0,15.6552619854883,-10.6145146455845,0,1.0,4.0,-8.0,3.0,40.0,40.0,female,bachelor,1.0,3.0
cbctgbhm,3q50toep,15,6,9,1.0,15.1098174886843,-18.5046274258981,1,1.0,5.0,40.0,3.0,94.0,46.0,female,bachelor,1.0,2.0
cbctgbhm,vl7xokto,15,9,6,1.0,15.1098174886843,-18.5046274258981,1,1.0,3.0,12.0,2.0,60.0,34.0,male,graduate,0.0,3.0
cbctgbhm,ifbud17n,5,0,5,1.0,15.1098174886843,-18.5046274258981,1,1.0,4.0,3.0,3.0,30.0,37.0,male,bachelor,0.0,2.0
cbctgbhm,fopgd0jf,10,0,10,1.0,15.3352032889933,8.30613918663683,0,0.0,4.0,20.0,4.0,90.0,46.0,female,bachelor,1.0,3.0
cbctgbhm,2jivpix4,5,0,5,0.0,14.5282644745692,7.35487993020429,1,,,16.0,2.0,100.0,33.0,male,bachelor,1.0,3.0
cbctgbhm,hbas0ec9,10,0,10,1.0,15.6552619854883,-10.6145146455845,0,1.0,3.0,15.0,3.0,85.0,41.0,female,bachelor,1.0,2.0
cbctgbhm,u3hn9qqn,15,0,15,1.0,15.1098174886843,-18.5046274258981,1,0.0,2.0,15.0,3.0,30.0,25.0,male,highschool,1.0,0.0
cbctgbhm,lavqm0j9,5,3,2,0.0,15.3352032889933,8.30613918663683,0,,,28.0,4.0,100.0,46.0,male,bachelor,0.0,3.0
cbctgbhm,cp2ppi85,10,3,7,1.0,15.6552619854883,-10.6145146455845,0,1.0,2.0,15.0,3.0,10.0,35.0,female,graduate,0.0,3.0
cbctgbhm,6ne4hwpb,15,3,12,1.0,15.1098174886843,-18.5046274258981,1,1.0,3.0,-10.0,2.0,0.0,29.0,male,graduate,0.0,3.0
cbctgbhm,0e1wfvwt,15,6,9,1.0,15.1098174886843,-18.5046274258981,1,1.0,1.0,15.0,1.0,50.0,23.0,female,bachelor,1.0,3.0
cbctgbhm,qis8odfg,15,9,6,1.0,14.5282644745692,7.35487993020429,1,1.0,4.0,15.0,2.0,91.0,25.0,male,some_college,1.0,3.0
cbctgbhm,3n10ic4i,5,0,5,1.0,15.1098174886843,-18.5046274258981,1,1.0,3.0,2.0,4.0,100.0,27.0,na,bachelor,1.0,3.0
cbctgbhm,o35mq6vs,10,0,10,1.0,15.1098174886843,-18.5046274258981,1,1.0,2.0,20.0,3.0,20.0,37.0,female,bachelor,0.0,3.0
cbctgbhm,uxtct0ps,15,0,15,0.0,15.6552619854883,-10.6145146455845,0,,,5.0,2.0,20.0,44.0,male,bachelor,0.0,3.0
cbctgbhm,cgm528pq,10,0,10,1.0,14.5282644745692,7.35487993020429,1,1.0,4.0,12.0,3.0,100.0,32.0,male,bachelor,1.0,3.0
cbctgbhm,gzx6wp4j,5,3,2,1.0,15.6552619854883,-10.6145146455845,0,1.0,5.0,15.0,5.0,75.0,41.0,male,bachelor,1.0,3.0
cbctgbhm,plybhuu0,10,3,7,1.0,15.3352032889933,8.30613918663683,0,1.0,3.0,18.0,3.0,65.0,63.0,male,graduate,1.0,3.0
cbctgbhm,0sqjcwa8,15,3,12,0.0,15.1098174886843,-18.5046274258981,1,,,20.0,1.0,25.0,42.0,male,bachelor,1.0,3.0
cbctgbhm,0d7clw04,10,6,4,1.0,15.6552619854883,-10.6145146455845,0,1.0,4.0,12.0,4.0,60.0,29.0,male,graduate,1.0,3.0
cbctgbhm,suouv5c1,15,6,9,0.0,14.5282644745692,7.35487993020429,1,,,15.0,5.0,20.0,26.0,male,some_college,0.0,3.0
cbctgbhm,5e7p3nru,15,9,6,1.0,14.5282644745692,7.35487993020429,1,0.0,3.0,15.0,2.0,52.0,29.0,male,graduate,1.0,3.0
cbctgbhm,le0x1f38,5,0,5,1.0,15.3352032889933,8.30613918663683,0,0.0,4.0,-10.0,3.0,0.0,42.0,female,bachelor,1.0,3.0
cbctgbhm,wcsrtg8y,15,0,15,0.0,15.6552619854883,-10.6145146455845,0,,,18.2,1.0,15.0,48.0,male,graduate,0.0,3.0
cbctgbhm,nj16cifm,5,0,5,1.0,15.6552619854883,-10.6145146455845,0,1.0,4.0,5.0,4.0,20.0,49.0,female,bachelor,0.0,3.0
cbctgbhm,xc98qi0u,10,0,10,0.0,15.3352032889933,8.30613918663683,0,,,10.0,2.0,25.0,33.0,male,bachelor,0.0,3.0
cbctgbhm,znraydz2,15,0,15,1.0,15.1098174886843,-18.5046274258981,1,1.0,5.0,-8.0,4.0,0.0,25.0,male,bachelor,1.0,3.0
cbctgbhm,awmj2125,5,3,2,1.0,15.6552619854883,-10.6145146455845,0,0.0,5.0,20.0,4.0,97.0,67.0,male,some_college,0.0,3.0
cbctgbhm,qj0f8utx,10,3,7,1.0,14.5282644745692,7.35487993020429,1,1.0,4.0,2.0,4.0,40.0,29.0,male,bachelor,1.0,3.0
cbctgbhm,0e86uiqz,15,3,12,1.0,14.5282644745692,7.35487993020429,1,1.0,5.0,5.0,5.0,25.0,66.0,male,bachelor,1.0,3.0
cbctgbhm,xhju1r5e,10,6,4,0.0,14.5282644745692,7.35487993020429,1,,,18.0,2.0,60.0,45.0,male,bachelor,1.0,3.0
cbctgbhm,bfa5frfa,15,6,9,1.0,15.1098174886843,-18.5046274258981,1,1.0,4.0,18.0,3.0,55.0,40.0,female,graduate,1.0,3.0
cbctgbhm,x2fou8hu,15,9,6,0.0,15.6552619854883,-10.6145146455845,0,,,25.0,2.0,10.0,35.0,male,graduate,0.0,3.0
cbctgbhm,8v16z8dx,5,0,5,1.0,15.3352032889933,8.30613918663683,0,1.0,4.0,20.0,4.0,20.0,40.0,male,graduate,0.0,3.0
cbctgbhm,z0gmo4gy,10,0,10,1.0,15.6552619854883,-10.6145146455845,0,1.0,3.0,10.0,4.0,100.0,32.0,male,bachelor,1.0,3.0
cbctgbhm,9huxiu70,15,0,15,1.0,15.6552619854883,-10.6145146455845,0,1.0,4.0,5.0,5.0,20.0,35.0,male,bachelor,1.0,3.0
cbctgbhm,gviw7vq1,5,0,5,1.0,15.6552619854883,-10.6145146455845,0,1.0,5.0,20.0,5.0,50.0,26.0,female,graduate,0.0,3.0
cbctgbhm,i2zlo96u,10,0,10,1.0,15.6552619854883,-10.6145146455845,0,1.0,4.0,8.0,3.0,10.0,23.0,male,graduate,0.0,3.0
cbctgbhm,tdveqvcm,15,0,15,0.0,15.1098174886843,-18.5046274258981,1,,,15.0,3.0,100.0,34.0,male,bachelor,0.0,3.0
cbctgbhm,bwdp6tjp,5,3,2,1.0,15.3352032889933,8.30613918663683,0,1.0,2.0,12.0,2.0,10.0,29.0,female,bachelor,0.0,2.0
cbctgbhm,w179bc2l,10,3,7,1.0,15.6552619854883,-10.6145146455845,0,1.0,3.0,15.0,3.0,80.0,39.0,male,highschool,0.0,3.0
cbctgbhm,lml7scnn,15,3,12,0.0,14.5282644745692,7.35487993020429,1,,,20.0,3.0,100.0,68.0,male,graduate,0.0,3.0
cbctgbhm,no4kvfwh,10,6,4,1.0,14.5282644745692,7.35487993020429,1,1.0,5.0,50.0,5.0,50.0,35.0,male,graduate,1.0,3.0
cbctgbhm,1nkukb0v,15,6,9,1.0,15.6552619854883,-10.6145146455845,0,1.0,2.0,3.0,2.0,50.0,43.0,female,graduate,0.0,3.0
cbctgbhm,8t5hymdc,15,9,6,1.0,15.3352032889933,8.30613918663683,0,1.0,2.0,12.0,3.0,91.0,33.0,male,graduate,1.0,3.0
cbctgbhm,hmfek0rf,10,0,10,0.0,15.1098174886843,-18.5046274258981,1,,,13.0,2.0,50.0,60.0,female,graduate,1.0,3.0
cbctgbhm,zcbdi4ff,15,0,15,0.0,15.1098174886843,-18.5046274258981,1,,,13.0,3.0,10.0,41.0,male,bachelor,1.0,2.0
cbctgbhm,dzo0iac7,5,0,5,1.0,15.1098174886843,-18.5046274258981,1,1.0,3.0,20.0,4.0,100.0,58.0,male,bachelor,1.0,0.0
cbctgbhm,d1fer9bi,10,0,10,1.0,15.1098174886843,-18.5046274258981,1,1.0,5.0,-15.0,4.0,0.0,44.0,female,graduate,1.0,3.0
cbctgbhm,a97up4my,15,0,15,1.0,15.3352032889933,8.30613918663683,0,1.0,3.0,19.0,3.0,25.0,47.0,female,bachelor,0.0,3.0
cbctgbhm,wcrhyfhc,5,3,2,1.0,15.6552619854883,-10.6145146455845,0,1.0,3.0,10.0,2.0,20.0,47.0,male,graduate,0.0,3.0
cbctgbhm,u6rulfet,10,3,7,1.0,15.3352032889933,8.30613918663683,0,1.0,3.0,20.0,3.0,20.0,45.0,male,graduate,0.0,3.0
cbctgbhm,lncmeevz,15,3,12,1.0,15.6552619854883,-10.6145146455845,0,1.0,3.0,30.0,3.0,70.0,34.0,male,graduate,1.0,2.0
cbctgbhm,kyfoi1hk,10,6,4,1.0,15.3352032889933,8.30613918663683,0,1.0,3.0,20.0,3.0,20.0,41.0,male,some_college,0.0,3.0
cbctgbhm,1izev0pd,15,6,9,1.0,14.5282644745692,7.35487993020429,1,1.0,4.0,21.0,4.0,70.0,41.0,male,graduate,1.0,3.0
cbctgbhm,auo4cxxx,15,9,6,0.0,15.1098174886843,-18.5046274258981,1,,,-5.0,4.0,0.0,18.0,male,some_college,1.0,3.0
cbctgbhm,hl7d3dax,10,0,10,1.0,15.6552619854883,-10.6145146455845,0,0.0,2.0,7.0,3.0,50.0,50.0,female,bachelor,1.0,3.0
cbctgbhm,1bk454pg,15,0,15,1.0,15.6552619854883,-10.6145146455845,0,1.0,4.0,14.0,4.0,90.0,38.0,male,bachelor,0.0,3.0
cbctgbhm,nu2m2u8z,10,0,10,1.0,15.1098174886843,-18.5046274258981,1,1.0,4.0,6.0,4.0,78.0,22.0,male,some_college,1.0,3.0
cbctgbhm,byqdza5q,15,0,15,0.0,14.5282644745692,7.35487993020429,1,,,20.0,1.0,15.0,36.0,female,graduate,0.0,3.0
cbctgbhm,hwqzd6sc,10,3,7,0.0,14.5282644745692,7.35487993020429,1,,,20.0,4.0,20.0,35.0,male,graduate,0.0,3.0
cbctgbhm,yk1s0mwq,10,6,4,1.0,15.1098174886843,-18.5046274258981,1,1.0,4.0,15.0,4.0,94.0,45.0,male,bachelor,1.0,2.0
cbctgbhm,06ls8frx,15,6,9,0.0,15.1098174886843,-18.5046274258981,1,,,10.0,4.0,40.0,33.0,male,some_college,1.0,3.0
cbctgbhm,kg1uwnou,15,9,6,1.0,14.5282644745692,7.35487993020429,1,0.0,5.0,30.0,4.0,65.0,52.0,male,graduate,0.0,3.0
cbctgbhm,vxnczin8,10,0,10,1.0,15.1098174886843,-18.5046274258981,1,1.0,4.0,15.0,3.0,40.0,35.0,male,bachelor,0.0,3.0
cbctgbhm,5p2u1nnu,15,0,15,1.0,15.3352032889933,8.30613918663683,0,1.0,3.0,20.0,3.0,60.0,24.0,male,bachelor,0.0,3.0
cbctgbhm,c3ki34x4,5,0,5,1.0,15.6552619854883,-10.6145146455845,0,1.0,4.0,30.0,4.0,60.0,39.0,female,bachelor,1.0,2.0
cbctgbhm,rvq4awsp,10,0,10,1.0,15.1098174886843,-18.5046274258981,1,1.0,4.0,10.0,3.0,20.0,37.0,female,graduate,0.0,3.0
cbctgbhm,cmya9mrl,5,3,2,1.0,15.1098174886843,-18.5046274258981,1,0.0,4.0,20.0,4.0,50.0,45.0,male,bachelor,0.0,3.0
cbctgbhm,m2z9n7r8,15,3,12,1.0,15.3352032889933,8.30613918663683,0,1.0,4.0,30.0,4.0,60.0,35.0,female,graduate,1.0,3.0
cbctgbhm,ps0stxx7,10,6,4,1.0,14.5282644745692,7.35487993020429,1,1.0,5.0,26.0,4.0,90.0,20.0,male,some_college,1.0,3.0
cbctgbhm,7gogb5vk,15,6,9,1.0,14.5282644745692,7.35487993020429,1,1.0,4.0,5.0,4.0,74.0,40.0,female,some_college,0.0,3.0
cbctgbhm,mkqzlq57,15,9,6,0.0,14.5282644745692,7.35487993020429,1,,,20.0,1.0,22.0,26.0,male,some_college,0.0,3.0
cbctgbhm,scf5tldz,10,0,10,1.0,15.3352032889933,8.30613918663683,0,1.0,2.0,15.0,3.0,10.0,33.0,male,bachelor,1.0,3.0
cbctgbhm,cxki159p,5,0,5,1.0,15.1098174886843,-18.5046274258981,1,1.0,5.0,15.0,5.0,5.0,44.0,male,graduate,0.0,3.0
cbctgbhm,aid3hfcr,10,0,10,1.0,14.5282644745692,7.35487993020429,1,1.0,2.0,5.0,2.0,25.0,29.0,male,graduate,1.0,3.0
cbctgbhm,bz9fas6u,15,0,15,1.0,15.1098174886843,-18.5046274258981,1,1.0,4.0,10.0,4.0,10.0,51.0,female,bachelor,0.0,3.0
cbctgbhm,d5nwj8vj,5,3,2,1.0,14.5282644745692,7.35487993020429,1,1.0,4.0,14.0,3.0,97.0,28.0,female,graduate,1.0,3.0
cbctgbhm,39s29umj,10,3,7,1.0,15.6552619854883,-10.6145146455845,0,1.0,4.0,12.0,3.0,70.0,30.0,male,graduate,1.0,3.0
cbctgbhm,r03kpyei,15,3,12,1.0,15.3352032889933,8.30613918663683,0,1.0,5.0,15.0,5.0,10.0,24.0,male,graduate,0.0,3.0
cbctgbhm,u3hfjum3,10,6,4,0.0,15.6552619854883,-10.6145146455845,0,,,18.0,2.0,100.0,51.0,male,highschool,0.0,3.0
cbctgbhm,1txubq4i,15,6,9,1.0,15.3352032889933,8.30613918663683,0,0.0,3.0,15.0,3.0,90.0,32.0,female,bachelor,0.0,2.0
cbctgbhm,qekw749d,15,9,6,0.0,14.5282644745692,7.35487993020429,1,,,22.0,2.0,50.0,58.0,male,bachelor,0.0,3.0
cbctgbhm,nao9w2li,5,0,5,1.0,15.3352032889933,8.30613918663683,0,1.0,3.0,22.0,4.0,80.0,44.0,male,bachelor,0.0,3.0
cbctgbhm,bzvi0g8m,15,0,15,1.0,15.3352032889933,8.30613918663683,0,0.0,1.0,12.0,1.0,25.0,47.0,male,highschool,0.0,3.0
cbctgbhm,q2qln5v7,5,0,5,1.0,15.3352032889933,8.30613918663683,0,1.0,4.0,25.0,4.0,100.0,29.0,male,bachelor,0.0,3.0
cbctgbhm,6najgp62,10,0,10,1.0,15.3352032889933,8.30613918663683,0,0.0,2.0,20.0,1.0,25.0,27.0,male,highschool,0.0,3.0
cbctgbhm,t01s872s,15,0,15,1.0,15.1098174886843,-18.5046274258981,1,1.0,4.0,5.0,4.0,35.0,59.0,male,some_college,0.0,3.0
cbctgbhm,aj1lr7zh,5,3,2,1.0,15.1098174886843,-18.5046274258981,1,1.0,2.0,10.0,2.0,45.0,21.0,female,some_college,1.0,3.0
cbctgbhm,t959npo4,10,3,7,1.0,15.1098174886843,-18.5046274258981,1,1.0,4.0,16.0,4.0,97.0,20.0,male,highschool,0.0,3.0
cbctgbhm,1gcyuyea,15,3,12,1.0,15.3352032889933,8.30613918663683,0,1.0,5.0,-20.0,5.0,0.0,24.0,male,bachelor,0.0,1.0
cbctgbhm,re2yk1fb,10,6,4,0.0,15.6552619854883,-10.6145146455845,0,,,20.0,3.0,50.0,51.0,male,graduate,0.0,3.0
cbctgbhm,qn8wv72j,15,6,9,1.0,15.6552619854883,-10.6145146455845,0,1.0,3.0,14.0,3.0,6.0,33.0,female,bachelor,0.0,3.0
cbctgbhm,pq7jn4fu,15,9,6,0.0,15.6552619854883,-10.6145146455845,0,,,-10.0,1.0,0.0,47.0,male,bachelor,0.0,3.0
cbctgbhm,tug0bkfl,5,0,5,1.0,15.1098174886843,-18.5046274258981,1,1.0,4.0,5.0,3.0,30.0,46.0,male,graduate,0.0,3.0
cbctgbhm,zeg0ta0e,10,0,10,1.0,15.1098174886843,-18.5046274258981,1,1.0,5.0,10.0,3.0,20.0,29.0,female,highschool,0.0,3.0
cbctgbhm,byf9l4iu,15,0,15,1.0,14.5282644745692,7.35487993020429,1,1.0,4.0,0.0,4.0,0.0,40.0,male,graduate,0.0,3.0
cbctgbhm,tnnih4wr,5,0,5,1.0,14.5282644745692,7.35487993020429,1,1.0,3.0,16.0,3.0,30.0,25.0,female,bachelor,0.0,3.0
cbctgbhm,1u9cci57,15,0,15,1.0,15.1098174886843,-18.5046274258981,1,1.0,4.0,15.0,4.0,30.0,29.0,female,bachelor,1.0,3.0
cbctgbhm,dbhtp5d1,5,3,2,1.0,15.6552619854883,-10.6145146455845,0,0.0,3.0,2.0,3.0,50.0,21.0,male,highschool,0.0,3.0
cbctgbhm,wr3thpxz,10,3,7,1.0,15.3352032889933,8.30613918663683,0,1.0,4.0,15.0,4.0,97.0,47.0,male,graduate,0.0,3.0
cbctgbhm,nbagv9ir,10,6,4,1.0,14.5282644745692,7.35487993020429,1,1.0,3.0,30.0,3.0,94.0,37.0,male,graduate,0.0,3.0
cbctgbhm,yogr6tc4,15,6,9,0.0,15.3352032889933,8.30613918663683,0,,,10.0,3.0,25.0,31.0,male,graduate,1.0,3.0
cbctgbhm,zubr0v7h,15,9,6,1.0,15.3352032889933,8.30613918663683,0,1.0,5.0,20.0,5.0,20.0,36.0,female,highschool,0.0,3.0
cbctgbhm,s86gklp9,5,0,5,0.0,15.6552619854883,-10.6145146455845,0,,,11.0,1.0,30.0,53.0,female,highschool,0.0,3.0
cbctgbhm,li6wzwqr,15,0,15,1.0,15.6552619854883,-10.6145146455845,0,1.0,3.0,13.0,3.0,47.0,51.0,male,bachelor,1.0,3.0
cbctgbhm,w9xvh38y,5,0,5,1.0,15.6552619854883,-10.6145146455845,0,0.0,4.0,15.0,2.0,50.0,27.0,female,bachelor,0.0,3.0
cbctgbhm,sw41xdqf,10,0,10,1.0,15.3352032889933,8.30613918663683,0,1.0,5.0,40.0,4.0,40.0,44.0,female,graduate,1.0,3.0
cbctgbhm,e7xjqfjj,15,0,15,0.0,14.5282644745692,7.35487993020429,1,,,8.0,3.0,20.0,46.0,male,graduate,1.0,3.0
cbctgbhm,h6otwz1m,5,3,2,1.0,15.3352032889933,8.30613918663683,0,1.0,4.0,20.0,3.0,50.0,45.0,female,graduate,0.0,3.0
cbctgbhm,lopzzuhb,10,3,7,0.0,14.5282644745692,7.35487993020429,1,,,20.0,4.0,80.0,37.0,female,graduate,0.0,3.0
cbctgbhm,z3kf7hvu,15,3,12,1.0,15.6552619854883,-10.6145146455845,0,1.0,4.0,12.0,3.0,35.0,21.0,female,bachelor,1.0,3.0
cbctgbhm,w1vca42u,10,6,4,1.0,14.5282644745692,7.35487993020429,1,0.0,4.0,15.0,3.0,40.0,50.0,male,bachelor,0.0,3.0
cbctgbhm,5ggghdo5,15,9,6,0.0,15.3352032889933,8.30613918663683,0,,,-10.0,2.0,10.0,24.0,male,bachelor,0.0,3.0
cbctgbhm,4sv556lw,5,0,5,1.0,15.1098174886843,-18.5046274258981,1,1.0,4.0,-11.0,5.0,0.0,35.0,male,bachelor,0.0,3.0
cbctgbhm,xcq2664n,10,0,10,1.0,15.6552619854883,-10.6145146455845,0,0.0,5.0,22.0,2.0,100.0,30.0,male,bachelor,1.0,3.0
cbctgbhm,rvls5041,15,0,15,1.0,15.1098174886843,-18.5046274258981,1,1.0,5.0,-20.0,4.0,0.0,49.0,male,bachelor,0.0,3.0
cbctgbhm,ahqpipht,5,0,5,1.0,15.3352032889933,8.30613918663683,0,1.0,4.0,30.0,3.0,40.0,63.0,male,graduate,1.0,3.0
cbctgbhm,iq6bciuh,10,0,10,0.0,15.6552619854883,-10.6145146455845,0,,,15.0,4.0,10.0,43.0,male,bachelor,0.0,3.0
cbctgbhm,vqrcm55d,15,0,15,1.0,15.3352032889933,8.30613918663683,0,1.0,4.0,25.0,4.0,100.0,34.0,male,bachelor,1.0,3.0
cbctgbhm,x6j6er23,5,3,2,1.0,14.5282644745692,7.35487993020429,1,1.0,4.0,25.0,3.0,50.0,25.0,female,some_college,0.0,3.0
cbctgbhm,e36n3twn,10,3,7,1.0,15.1098174886843,-18.5046274258981,1,1.0,5.0,0.0,4.0,0.0,57.0,male,bachelor,0.0,3.0
cbctgbhm,y9uxyk6n,15,3,12,0.0,15.3352032889933,8.30613918663683,0,,,20.0,3.0,50.0,27.0,other,bachelor,1.0,3.0
cbctgbhm,z46pjrzh,10,6,4,0.0,15.3352032889933,8.30613918663683,0,,,20.0,3.0,30.0,34.0,male,graduate,1.0,3.0
cbctgbhm,v65upjyc,15,6,9,0.0,15.1098174886843,-18.5046274258981,1,,,50.0,4.0,45.0,25.0,female,graduate,0.0,2.0
cbctgbhm,3gtsrbrn,15,9,6,1.0,14.5282644745692,7.35487993020429,1,1.0,5.0,21.0,4.0,65.0,28.0,male,bachelor,0.0,2.0
cbctgbhm,jbnri4q8,5,0,5,1.0,15.1098174886843,-18.5046274258981,1,0.0,3.0,9.0,2.0,40.0,36.0,male,bachelor,0.0,3.0
cbctgbhm,jnixi9h4,10,0,10,1.0,15.6552619854883,-10.6145146455845,0,1.0,5.0,50.0,5.0,50.0,25.0,male,highschool,0.0,2.0
cbctgbhm,yqbir86p,15,0,15,0.0,15.1098174886843,-18.5046274258981,1,,,6.0,4.0,85.0,33.0,male,bachelor,1.0,3.0
cbctgbhm,yu1ax8d9,5,0,5,1.0,15.1098174886843,-18.5046274258981,1,1.0,4.0,25.0,4.0,100.0,27.0,male,bachelor,1.0,3.0
cbctgbhm,vggaf8ph,10,0,10,1.0,15.1098174886843,-18.5046274258981,1,1.0,4.0,25.0,4.0,75.0,29.0,female,graduate,1.0,3.0
cbctgbhm,6to4pizj,15,0,15,0.0,15.3352032889933,8.30613918663683,0,,,7.0,2.0,0.0,44.0,male,highschool,0.0,3.0
cbctgbhm,da9dmo4v,5,3,2,1.0,15.1098174886843,-18.5046274258981,1,1.0,4.0,10.0,2.0,10.0,25.0,female,bachelor,1.0,3.0
cbctgbhm,wkz87lkk,10,3,7,0.0,15.3352032889933,8.30613918663683,0,,,15.0,4.0,20.0,39.0,male,graduate,0.0,3.0
cbctgbhm,fbow9q62,15,3,12,0.0,15.3352032889933,8.30613918663683,0,,,20.0,3.0,30.0,60.0,female,graduate,0.0,3.0
cbctgbhm,yvei4il3,15,6,9,1.0,15.3352032889933,8.30613918663683,0,1.0,4.0,18.0,4.0,85.0,22.0,male,highschool,1.0,3.0
cbctgbhm,dbz7q5ya,15,9,6,1.0,14.5282644745692,7.35487993020429,1,1.0,4.0,20.0,4.0,55.0,28.0,female,graduate,1.0,3.0
cbctgbhm,47fiibl2,5,0,5,1.0,15.6552619854883,-10.6145146455845,0,1.0,4.0,2.0,4.0,40.0,31.0,male,graduate,1.0,3.0
cbctgbhm,llwpnnyk,10,0,10,0.0,15.3352032889933,8.30613918663683,0,,,22.0,2.0,50.0,36.0,male,bachelor,0.0,3.0
cbctgbhm,r9nr06kv,15,0,15,1.0,15.3352032889933,8.30613918663683,0,1.0,2.0,5.0,2.0,50.0,24.0,male,bachelor,0.0,3.0
cbctgbhm,mfj4xvdo,5,0,5,1.0,14.5282644745692,7.35487993020429,1,1.0,5.0,25.0,5.0,100.0,58.0,male,bachelor,1.0,3.0
cbctgbhm,vsb7udny,10,0,10,1.0,15.6552619854883,-10.6145146455845,0,1.0,4.0,39.0,4.0,60.0,27.0,male,graduate,1.0,3.0
cbctgbhm,6ski6at5,5,3,2,1.0,15.6552619854883,-10.6145146455845,0,1.0,3.0,0.0,2.0,48.0,21.0,female,highschool,0.0,3.0
cbctgbhm,4gz1mj4b,10,3,7,0.0,15.1098174886843,-18.5046274258981,1,,,20.0,3.0,60.0,24.0,male,bachelor,0.0,3.0
cbctgbhm,axj7kzey,10,6,4,0.0,14.5282644745692,7.35487993020429,1,,,-15.0,5.0,0.0,24.0,male,graduate,0.0,3.0
cbctgbhm,mn7tcdyf,15,6,9,1.0,15.3352032889933,8.30613918663683,0,1.0,2.0,10.0,2.0,2.0,21.0,female,highschool,1.0,3.0
cbctgbhm,28u5p6l8,15,9,6,1.0,15.6552619854883,-10.6145146455845,0,0.0,4.0,17.0,2.0,30.0,18.0,male,highschool,0.0,3.0
cbctgbhm,l36zgvpp,5,0,5,1.0,15.1098174886843,-18.5046274258981,1,1.0,4.0,15.0,4.0,100.0,32.0,female,some_college,1.0,3.0
cbctgbhm,f4al4mc6,10,0,10,0.0,14.5282644745692,7.35487993020429,1,,,20.0,4.0,100.0,34.0,male,bachelor,0.0,3.0
cbctgbhm,hue10roo,5,0,5,0.0,15.6552619854883,-10.6145146455845,0,,,4.0,1.0,200.0,33.0,female,bachelor,0.0,1.0
cbctgbhm,m6k10uu2,10,0,10,1.0,15.6552619854883,-10.6145146455845,0,1.0,4.0,22.0,3.0,100.0,28.0,male,bachelor,1.0,1.0
cbctgbhm,jqozulsz,15,0,15,1.0,15.1098174886843,-18.5046274258981,1,1.0,5.0,-3.0,4.0,0.0,18.0,male,some_college,0.0,3.0
cbctgbhm,r91ij4n0,10,3,7,1.0,15.1098174886843,-18.5046274258981,1,0.0,5.0,15.0,5.0,20.0,28.0,male,bachelor,0.0,3.0
cbctgbhm,19qqiuwd,15,3,12,0.0,15.6552619854883,-10.6145146455845,0,,,5.0,4.0,50.0,30.0,male,bachelor,1.0,3.0
cbctgbhm,p7cxrh5l,10,6,4,1.0,15.1098174886843,-18.5046274258981,1,1.0,3.0,8.0,3.0,5.0,45.0,female,graduate,0.0,3.0
