"62c08fa6cab36e3a08790b49, 3.55",,,Paid
"5b9dd07de671c60001226b79, 3.66",,,Paid
"615ddab1e4f013092538b6c5, 3.38",,,Paid
"558b20eefdf99b7dfdbac3c9, 3.77",,,Paid
"66231fc6e1ecba676935943a, 3.96",,,Paid
"558fd02cfdf99b39cb035e5d, 3.41",,,Paid
"628409abe8772d1f138b7f14, 3.55",,,Paid
"6143af8721d1445864c4f6c8, 3.23",,,Paid
"6632d4093ebf44b7fb54bd8b, 3.42",,,Paid
"63ea974c81ff0fffe7fb8613, 3.5",,,Paid
"5e34325430e5263f0bebb32d, 3.76",,,Paid
"5bf0b1ecaf38d100016bd609, 3.08",,,Paid
"66ccdd9f6b12c6ea6fa01f42, 3.38",,,Paid
"5ca88c7900dbf0000127c5d5, 3.29",,,Paid
"69656179c7366441eedddaff, 3.36",,,Paid
"682c3f62f2680e9a67130379, 3.68",,,Paid
"5d1e2045a37a4d001a1fc2cb, 4.0",,,Paid
"6405feae7d6321bfaaf793e8, 3.33",,,Paid
"67e40bab848c22a30914c34c, 3.68",,,Paid
"67dd46602623d4bf857f7fa2, 3.35",,,Paid
"6772a5c5190112e5dcbf6394, 3.15",,,Paid
"667992b506b5fb5504eb23e0, 3.15",,,Paid
"67cc84a7ad8328b8bae14416, 4.06",,,Paid
"5bd893be30bfa90001efc6ce, 3.16",,,Paid
"5ed559e5afbd830e2117ed55, 3.32",,,Paid
"6153b5513ccada2d35fae508, 3.62",,,Paid
"628f7e982aad1788d940317a, 3.65",,,Paid
"580cab86b869700001d71628, 3.17",,,Paid
"65ccfdf16bdcab83d5bd1163, 3.4",,,Paid
"5f1231fe9e2ee916995196d8, 3.48",,,Paid
"67104c7deff954cb22438402, 3.19",,,Paid
"5f888f1504ea37030833e9ec, 3.36",,,Paid
"5f285dc5b09b3715fa20a14c, 3.31",,,Paid
"66c448b8329f5db8fac65743, 3.63",,,Paid
"5bef41fa54277d000114d6ad, 3.81",,,Paid
"63fa78f21e485a372c6528fa, 3.55",,,Paid
"60f5f8769fc9289a9e518129, 3.12",,,Paid
"5a81a9f0ae9a0b0001a9c63a, 3.57",,,Paid
"67aa80c774c81448a3876d15, 3.44",,,Paid
"5ccb779b2c4e1f00159333ea, 3.36",,,Paid
"67315dcc43ac48fdabffd21f, 3.36",,,Paid
"583ec287ad2f4300014b355a, 3.92",,,Paid
"5d510396f6725b001a4fc025, 3.14",,,Paid
"629082739390703f993b12bd, 3.14",,,Paid
"6727de1d76e80949064e1d6d, 3.62",,,Paid
"601e1f4d93660626a8747349, 3.77",,,Paid
"60fef46ad3fef7593e28ead4, 3.67",,,Paid
"653703627539f3a8b2ed4af3, 3.43",,,Paid
"5f4738bfa043201203a27b4b, 3.42",,,Paid
"66ab42bef7dd185ce15464eb, 4.17",,,Paid
"63a9a8f2f098b7e45bd03721, 3.49",,,Paid
"695fb1da6e327fe339eb9cc1, 3.21",,,Paid
"663aa6420a964c2a7740b9d7, 3.79",,,Paid
"617452347986aeaf4d2e5278, 3.21",,,Paid
"6945491b5ec817e79ef29cdd, 3.22",,,Paid
"5d53bffa147a7d00015aae5a, 3.91",,,Paid
"5c50b6dc172b6c000177a036, 3.22",,,Paid
"56f29effed0cf60006911528, 3.55",,,Paid
"66ccbb7d4109382e498e3c82, 3.4",,,Paid
"6834ed99550874d242f2d86f, 3.53",,,Paid
"60d9e7e76cf2ab6d21eb5f99, 3.34",,,Paid
"5f46cd85e858dd0a24269315, 3.37",,,Paid
"66465c850d9a3e177f2649fa, 3.38",,,Paid
"66b828d453598bcca42608c1, 3.55",,,Paid
"64012ee6e3f2e59aaa36f718, 3.41",,,Paid
"695d4137246abe016bd37aab, 3.66",,,Paid
"62c4dbae8fb1ff9cd93a3150, 4.27",,,Paid
"59e7477e3e4b5a00016aa4d2, 3.46",,,Paid
"5d617ba9364f9a0019f1dac3, 3.32",,,Paid
"611b00c6f6cc82766cd07c16, 3.41",,,Paid
"59ffb939517dfb00013dadda, 3.28",,,Paid
"5bcc60b95c2b810001dc68e2, 3.49",,,Paid
"617323e630f3fa36361cb35b, 3.38",,,Paid
"604bbfc901b85fb02ae92c1a, 3.45",,,Paid
"64e36d981d00e7d7c45addc2, 3.26",,,Paid
"65b92135e296f28cb1a093c3, 3.69",,,Paid
"65425d62c0d773804c35c5e8, 3.86",,,Paid
"5d23460ad4c57900192b129c, 3.42",,,Paid
"612962f44f151ddfd0298c52, 3.22",,,Paid
"5db7bd876c5fc8000adcc2ba, 3.41",,,Paid
"67ddf7048bb4a1eb57c71031, 3.79",,,Paid
"66a99d1b90c1a3c68c972253, 3.57",,,Paid
"66c3bdcaeef3aa970f90c75e, 4.1",,,Paid
"6732a061a707876bcf34ff6e, 3.31",,,Paid
"5e987098f1bb6707dca13f5b, 3.31",,,Paid
"5e56457f6370ba0184e041b4, 4.07",,,Paid
"67630f751df95f8fb373e275, 3.73",,,Paid
"667a2a09c4912ebdc9078387, 3.27",,,Paid
"6942c05a7a01b8119deb4a9c, 3.4",,,Paid
"5aa485b11eda41000136c94b, 3.45",,,Paid
"5a381de00006450001bf2691, 3.37",,,Paid
"5dd0c9af2b033b185c90d5f0, 3.63",,,Paid
"6415e72ceb0a49e26846e935, 3.31",,,Paid
"67dc70145c70ad07748b3f1b, 3.54",,,Paid
"5df11e6cdc85350234932daa, 3.34",,,Paid
"610a151c96de07b15f28c8cb, 3.32",,,Paid
"6965b1225ab6fdb331560713, 3.33",,,Paid
"62b628e4351d179f1ff6cc59, 3.78",,,Paid
"62029a55ef1cb18a1337c61a, 3.58",,,Paid
"67ebc24ee98e314102e23f1a, 3.5",,,Paid
"6400dbb883a12b7946a0c4b5, 3.35",,,Paid
"603006ea5f6c24dfc908f835, 3.4",,,Paid
"67ca44c542a5ebd3baf7d5e1, 3.39",,,Paid
"67f29249f806e5d43bd01798, 3.94",,,Paid
"65de74dd26e4558c2fe828f9, 3.39",,,Paid
"643466ccb8e9bb0350af3cbb, 3.39",,,Paid
"67a7e69b82119112d04041fd, 3.35",,,Paid
"5be8dab5d153f500019ab320, 3.92",,,Paid
"695182b691292378b37c956e, 3.33",,,Paid
"622a11c552b2b35bab72a39c, 4.16",,,Paid
"6050ea8a95817a2bfddc9d09, 3.29",,,Paid
"66592dfcb3c1b6f73d81495c, 3.77",,,Paid
"658289aeaf946c0306a5c083, 3.4",,,Paid
"63b18d94775ad4aad221103c, 3.25",,,Paid
"606cf604adbb6982bb382881, 3.2",,,Paid
"663e26ccdbc470527165388b, 3.64",,,Paid
"60fdb73b85f276ed91d84eb9, 3.32",,,Paid
"6441356d5337fd4714939734, 3.28",,,Paid
"6779ab59311fd2904146f0d7, 3.68",,,Paid
"607668ac450fc6e3025a131d, 3.54",,,Paid
"5e0b388b15ef4037cebdecc9, 3.88",,,Paid
"63d42c21dc6f4d60e34cc337, 4.03",,,Paid
"67cee8d6088dc3c843f48e48, 3.32",,,Paid
"615c9713338d0cb78c79773b, 3.41",,,Paid
"5dd55652f30aa650f027e1c2, 3.37",,,Paid
"5685850c333cbd000d4e042f, 3.44",,,Paid
"678601bc84e8fe5db695b1fe, 3.4",,,Paid
"65763705270241e5da3da60c, 3.39",,,Paid
"655f8b959477c803eb906622, 3.68",,,Paid
"6276d97e209059496d37bf74, 3.44",,,Paid
"695ff63580d6ce826e06277f, 3.54",,,Paid
"67b8ac4a64ff597388f3fcc1, 3.3",,,Paid
"656535cfb6e6bea3d8637deb, 4.35",,,Paid
"66e9bdb86f599f239c1ea24e, 3.43",,,Paid
"695bcd773894067ba8c01741, 3.31",,,Paid
"6298f0e21abd78cb684b723c, 3.52",,,Paid
"62b20c0065e9809e66d13fa5, 3.48",,,Paid
"669f0372343e26023ee5c023, 3.84",,,Paid
"5d9b7c7efaa2860364b16476, 3.9",,,Paid
"64f9db6943940e98c173b596, 3.49",,,Paid
"5e9b443223881d04be740737, 3.5",,,Paid
"67d8b5e7ceb82869824198a2, 3.39",,,Paid
"682ea2d42d55eac9ceeac8aa, 3.35",,,Paid
"5de30dd39a9da5342d09f2e8, 3.34",,,Paid
"6369700320bc7dd22e733009, 3.19",,,Paid
"62bb42e2f21cfdb280cc975f, 3.24",,,Paid
"6015cc8c9807116ee723287d, 3.52",,,Paid
"66bfd4b46a7e9cec65d88461, 3.46",,,Paid
"67382e41c232d1004b052fc4, 4.18",,,Paid
"628f572a2d1304a34b9e1a37, 3.41",,,Paid
"675cb36b51ef22e70c4da7e2, 3.32",,,Paid
"5c65739723f6300001380c2c, 3.94",,,Paid
"676ca3da9773676ad989ef10, 3.48",,,Paid
"5715699a30185b0008b40009, 3.26",,,Paid
"6562177a48308eebbb6359ea, 3.24",,,Paid
"66cd40ce9bb246e2dc55429e, 3.44",,,Paid
"66a02d45a7db35d93c9f6a81, 4.12",,,Paid
"6947190be3c1dfbf23cdb205, 3.17",,,Paid
"6101bcb1b6f73b8138d66252, 3.45",,,Paid
"662d56e5cc343fb58134d622, 3.42",,,Paid
"5c6b646349b7f0000120b659, 3.37",,,Paid
"677180f70e024d29940222d9, 3.61",,,Paid
"66c4f3cb14cbfc4db836bd4e, 3.46",,,Paid
"5f4d07b4fae27694de8f5af1, 3.54",,,Paid
"5d88f2f8cefb52001a83f1b2, 3.23",,,Paid
"67edf0b51b5bd671db6a9372, 3.26",,,Paid
"5e2ac2aa0038f21089a533a4, 3.41",,,Paid
"67447a01deb7398581f3b3be, 3.19",,,Paid
"631b66847990076d05887914, 3.32",,,Paid
"662fbb4163d7a1695a748636, 3.7",,,Paid
"657dd22938e31904b66ca3b4, 3.38",,,Paid
"66be7e194babee126a0d41f2, 3.25",,,Paid
"6166c0eb123b6e8b34628249, 3.4",,,Paid
"6010b744db280e455a5250bd, 3.58",,,Paid
"63b6be87ead45e4fa772fbf5, 3.34",,,Paid
"6653ae434d386b6218f51efb, 3.68",,,Paid
"67e188720841b364cd463eaa, 3.63",,,Paid
"6960253098c08d9acb6c8acc, 3.79",,,Paid
"670d816961bebcb45b53b929, 3.31",,,Paid
"67e406244bfad9999a051c1e, 3.12",,,Paid
"67055b370e3c0c4965a03128, 3.39",,,Paid
"6720378a683a5d8a933493fb, 3.44",,,Paid
"5d9b7f29654a3102c8112b63, 3.17",,,Paid
"671d7a754bafa85dac6e0683, 3.92",,,Paid
"5977466b68264c0001c49088, 3.55",,,Paid
"5d4af0a71813250015d3c5c7, 3.49",,,Paid
"66e046b11e9e1bd327a5c240, 3.34",,,Paid
"6636db94fa3ed150c2d78447, 3.65",,,Paid
"651c18b7be672ec76e5f6860, 3.48",,,Paid
"60c770aa2d2928bfda4c7cd4, 3.33",,,Paid
"60dfd857e293a99dd577f4c8, 3.36",,,Paid
"67c1d7dfe0aaba274972150e, 3.76",,,Paid
"655c5ad8f1a19dc5535007a4, 3.19",,,Paid
"66d8790772c9e0e4ee96259c, 3.9",,,Paid
"67f45e1b361e2b3ebc9e7ed7, 3.54",,,Paid
"63177c00e83ff96a81c8f640, 3.58",,,Paid
"5d537c0cecc84200153075e9, 3.31",,,Paid
"5bdcd88176d6d50001bc3849, 3.65",,,Paid
"67dca3ab5e7374bfad603e28, 3.3",,,Paid
"683667d92d0bfb2cf3f5c7a6, 3.6",,,Paid
"651c4484ba17050f6b716614, 3.39",,,Paid
"5c57c06ed05b82000139682e, 3.9",,,Paid
"634ef87aec0966557c825573, 3.59",,,Paid
"62a889993e01c9e01ee7066e, 3.35",,,Paid
"662601318f64397f9b539f04, 3.54",,,Paid
"63ed1b44dc847ac2c0e41f82, 3.48",,,Paid
"66c26b01a3d551a7d8bd342c, 3.43",,,Paid
"67b6e6cd3ff52d5036ecc0f9, 3.39",,,Paid
"6724ad43bd6f666e18f6c2ef, 3.45",,,Paid
"6949beaa243cf086177b6f0a, 3.44",,,Paid
"602fd11faa844cd2d0fd5818, 3.48",,,Paid
"5e2c7806bb1a6e000cf7f2e8, 3.14",,,Paid
"69602d86d5c83a79d9b816d1, 3.52",,,Paid
"62a74fec726aac54b9e43d75, 3.42",,,Paid
"66145d25f58cb537cdc9eb97, 3.44",,,Paid
"66429bad9e92786ee8928856, 3.69",,,Paid
"67435174b76a747138e8a47a, 3.34",,,Paid
"67db79c1394397a838ce8fdd, 3.45",,,Paid
"5e5c88c3be924d475ff0fc34, 3.56",,,Paid
"630bbdba33a8711f454d81d9, 3.57",,,Paid
"67570b014645d710f1e76680, 3.15",,,Paid
"66e5cf7a11cb28aa31d19da8, 3.84",,,Paid
"695fe74c64008cd1562be302, 3.3",,,Paid
"67155947b83a6aee15acbc0d, 3.27",,,Paid
"67d727dbd653b68ee63e3d08, 3.35",,,Paid
"5c8fa44e045ff10012b60821, 3.23",,,Paid
"68423451060859f8ce31ee5a, 3.86",,,Paid
"677e29646b0a2cf5eff174dc, 3.77",,,Paid
"672bbb444ab4546a33718004, 3.31",,,Paid
"6781935f0fbff63cc8eb3595, 3.55",,,Paid
"656b2f8d41ad79f68926ad34, 3.41",,,Paid
"6413bee5234ad46e9fc4ba75, 3.69",,,Paid
"66bcbbd35d182838b25ff7df, 3.39",,,Paid
"58cbd23d5d42920001414dd8, 3.31",,,Paid
"5c0b388b9c7b1100015ab55f, 3.23",,,Paid
"5a776b5aae9a0b0001a9631d, 3.65",,,Paid
"6786c02b927bff134b80264c, 3.47",,,Paid
"6568b70075a2e3f099a181f2, 3.92",,,Paid
"5c55b95b91c0ad0001cf86ab, 3.78",,,Paid
"67a5669452a6651f8be0b0bc, 3.55",,,Paid
"66aa8d04719b0f5ef3433e9c, 3.42",,,Paid
"676ed8014625d5ebd417b5f2, 3.42",,,Paid
"67e268cbf13dcd115337894c, 3.6",,,Paid
"5fd9227fbeeb773aa4d6c986, 3.49",,,Paid
"67fd46db088825e305648e1a, 3.29",,,Paid
"653b00b25d4734b333b03fc9, 3.34",,,
"67588df7242d02a6ae8e3fbf, 3.96",,,
"680c0636408121caf12fe0d1, 3.32",,,
"6151e479b4ee16668948c7f2, 3.27",,,
"66b01097e95b0626c2cd7b5c, 3.41",,,
"673bc7364722159a7c678802, 3.29",,,
"63e7f2a754618d35c2b61ba5, 3.73",,,
"67eaa46b7bb6cbefdcbde74c, 3.19",,,
"67cccc70ea11ab9caa72da49, 3.36",,,
"67f192e08cf17c568074969d, 3.52",,,
"5dd438b65a40f24302c09c2d, 3.39",,,
"696179cd45c263045b0c36cf, 3.28",,,
"66058651f9c5fb6a8dba7633, 3.43",,,
"6119ccaad19b17d52526b724, 3.27",,,
"672413541a4832a40147dec7, 3.27",,,
"5591cd21fdf99b63126f6c60, 3.74",,,
"5dcc5fee28e3148e8009491e, 3.3",,,
"66aebc2458180fbfae675464, 3.43",,,
"6604664cb53a76971c8a1dce, 3.44",,,
"67d9ef30fe8af2858e8dbbd3, 3.49",,,
"5dcf4136cf8e7e086ea019e4, 3.49",,,
"5a8352feae9a0b0001a9da8f, 3.18",,,
"684a12ce6791bc422c72abbb, 4.1",,,
"67a4fa41a531fc71450c7783, 3.6",,,
"67628abfa461bc8ff539c320, 3.69",,,
"5910a5f8748d450001ba3a67, 3.67",,,
"6698502e9bc844218a76c883, 3.98",,,
"67d952104d8da4447ab6be2c, 3.48",,,
"6060ddd26de46b745d90990c, 4.32",,,
"678d1117ee7d6bf82b559edc, 3.27",,,
"67a95d468d14bd6324b4bbba, 3.38",,,
"67eead2134f75ea96e40cd67, 3.79",,,
"62fe6312269d0e4ae894297b, 3.32",,,
"680d155019b77b986ff85126, 3.47",,,
"5ff07b5ee7a1d23e719e421e, 3.17",,,
"6717b21c1e82990c9080d9bc, 3.48",,,
"5deb3ffdf375c625fa83bac7, 3.79",,,
"677c358117d1ac70048fd3c6, 3.46",,,
"670f9fd0a399d73d5af41902, 4.03",,,
"662948ed99960b11f2f8e3fe, 3.54",,,
"6941aeb9a019a9bbdd57d028, 3.31",,,
"5dbc73047d3d3622bcd31170, 3.34",,,
"5cb67a7ab73e8a001507fae5, 3.21",,,
"55c82012fdf99b02adc2a36e, 3.44",,,
"66bfdc082ffe8d45b60263a6, 3.23",,,
"687412b8d619a222cdd0bec9, 3.42",,,
"5e5165d2f1ecb418da9c2db7, 3.55",,,
"66f480695684a9ff1f525bf8, 3.04",,,
"6701c01f6fb3d34d3bed389e, 3.81",,,
"60f43c3a0fd9723feba1af38, 3.43",,,
"668bf688d58206e61f399a88, 3.51",,,
"6129781ecb8007ce6248a915, 3.42",,,
"67775a3990c24dfe448b78bd, 3.71",,,
"665d92a608fef982937744df, 3.96",,,
"63ffcb367b500c516d0648a2, 3.7",,,
"668c0ba61ad563eb5505b22a, 3.34",,,
"673f808c15c34271ac88d58e, 3.49",,,
"67ac95764f3091a540c69b5b, 3.39",,,
"64402f7ad3d019dc99b9f3f0, 3.39",,,
"66a94c224273fab59f0b2c71, 3.55",,,
"67cb51b23d74b436185a20eb, 3.57",,,
"6784cd4c648d7fe55ab2ff24, 3.44",,,
"59894fbbda239a0001fb8e16, 3.36",,,
"675a2ef45fbe0cc52b8403ae, 3.26",,,
"65a2cd1b1d1724a7eba41cd3, 3.58",,,
"5ec44da606cb7931f04a35e9, 3.68",,,
"62a885d5b6af18b3d4579e1b, 3.26",,,
"62cb2fda77bec729c86fbbba, 3.56",,,
"67932008111dd21a58f37f9d, 3.13",,,
"652ecb92078fe073ab29b920, 3.5",,,
"67e494e108181d6621738771, 3.92",,,
"633edc50cfae73d4a72ca889, 3.55",,,
"65e615620fd6a1c087dafc48, 3.76",,,
"67dc5b2e098a6ddc6eda0acd, 3.62",,,
"696018495837088e840652e0, 3.29",,,
"5b233660648d5b0001b7de87, 3.27",,,
"67abb85e6cca3df5eb1c4e30, 3.7",,,
"5dd299a27f1bbf2a83554ecf, 3.54",,,
"63d69e4d6648b39324fdf0ad, 3.65",,,
"647660ef7bc13de7eaf0c76e, 3.35",,,
"679332b7a7378f8f63f9ab84, 3.44",,,
"60bff9298f56d55c8ecd9adf, 3.15",,,
"6776071db9b6ba9c5d3c522f, 3.24",,,
"671850082109a84899a43a8e, 3.38",,,
"62fd0bc538d70b87550691f7, 3.43",,,
"67a8ef6331f586a361a8ec33, 4.03",,,
"67e1b7cb532a40adf7bf63b2, 3.95",,,
"69454de0266e20b4d6f6fbd9, 4.21",,,
"5ba78b71d60daf0001532d5b, 3.48",,,
"5c376ea0eecc440001c58889, 3.49",,,
"67a7d4e19fee63cbe222ae02, 3.42",,,
"67325d10b9e0c58d803cd7ba, 3.24",,,
"66dcb77e1afbc2e7fa393b87, 3.58",,,
"6682fbc595609e3f88048a53, 3.34",,,
"695ffb067d7ad5092a6d7716, 3.32",,,
"656000af0e4ff12b601488e1, 3.45",,,
"56e130548b1c33000a388671, 3.21",,,
"6736112af674ebe6a3298994, 3.17",,,
"645179915e31c1aeb3dc8129, 3.38",,,
"64fb3be137d2bd2bdfab8ba6, 3.51",,,
"67edb211a7c1d23c1535d6b2, 3.21",,,
"62728884995a1a76605d0214, 3.34",,,
"678e61280d675432a225149c, 3.27",,,
"6600a119385d8631c41cd795, 3.39",,,
"60a9b8f7b9748b9999090dd8, 3.5",,,
"6650fd12a2d24aa284fa81ce, 3.39",,,
"67d9625169884c7fdecaf0a6, 3.68",,,
"67ed75fa0c2423e85f8b3c8b, 3.51",,,
"63c3599c8a16601b603d421c, 3.3",,,
"67f1354157bc12085650777c, 3.34",,,
"67f972620fdbfde234aa54ef, 3.52",,,
"67cf60241dff02d9e0dab2b6, 3.32",,,
"56fab287997828000a8078b9, 3.32",,,
"62a3be0d93b8dd1e69b4317d, 3.32",,,
"67e80b7b69a2afc3b988096b, 3.33",,,
"5dd31871c5faa232d3c20365, 3.33",,,
"5df4565dfeea89323021ef27, 3.35",,,
"56849d528f456f000c45e1dd, 3.59",,,
"68c9abcce7eac7108f2484ab, 3.28",,,
"665f4a8236d81b9f154a1b08, 3.34",,,
"6553953daddeb31f9794b59c, 3.22",,,
"67720b01971068c3f4c6fa95, 3.64",,,
"5e9e0b9cb133cb1a9a472677, 3.26",,,
"6786cd11afb82599c1924e69, 3.53",,,
"67e5332fd4a2fce36b985eea, 3.67",,,
"67777187e7ba2f3ced22e601, 3.45",,,
"5d815ba661013f00170a8def, 3.38",,,
"681b8bd1e677bf4c1757380b, 3.69",,,
"6691bc059b0182b0bdd7d682, 3.52",,,
"694406ba3795abdc8edf0815, 3.49",,,
"5b735a4c3503c60001a891b7, 3.37",,,
"693ca64c8426543a926679b6, 4.19",,,
"546ec14dfdf99b2bc7ebd032, 3.4",,,
"5e52a7cc53ecf12b883e1e1f, 3.36",,,
"696fe4ad1a4f878d1c7f56db, 3.82",,,
"66fc5dc2ea1f07a1c9676134, 3.36",,,
"651ed17c366df83eeabae9dd, 3.26",,,
"6608fe79836be5ccd7136892, 3.36",,,
"66fceda149718a86f36761b4, 3.37",,,
"63f2cff7f0a6f682868f2ca0, 3.24",,,
"6745f73ee7541460adbabcff, 3.43",,,
"66d9547a9df3044a616f2cfd, 3.68",,,
"5e9f3f09ccc75a0c345e4845, 3.47",,,
"5e0571b7e297d5fa932cf415, 3.35",,,
"67246794a85893f571f01fcc, 3.52",,,
"60ff1981688229d1e3eb43e9, 3.31",,,
"546e3264fdf99b2bc7ebcfec, 4.0",,,
"5caec6b270da3100017f35de, 3.38",,,
"643adb4a213b87bfc7e21e3f, 3.25",,,
"652359572fd30ff57dfea7fb, 3.4",,,
"66789a1e138a59bb4ad16fa5, 3.52",,,
"5e6011c399b03c35f69a53d8, 3.57",,,
"696cb32ae42d088a38fa6d32, 3.6",,,
"66ac145b55e2055063cd4079, 3.12",,,
"63ea5fe3c03c77c607e33990, 3.38",,,
"67ccf5aaec16501a9fec7097, 3.5",,,
"67819f666062825529fe313e, 3.36",,,
"691e530aaef0182ec1150eee, 3.66",,,
"67f2b914d702155cbc0a3a2c, 3.37",,,
"662b89c9eb08d365c04c7cc7, 3.69",,,
"6628a3681315ec7685cfcf21, 3.94",,,
"66f305037af69346a9a55b42, 3.39",,,
"60fd588771ae861f9244f93d, 3.82",,,
"5c7c1f95e926fc00160b4b45, 3.39",,,
"67d727f06086654c357b68e2, 3.51",,,
"628e0063fa56e316da2a71cb, 3.39",,,
"671d15b4b59b2741dee8284a, 3.55",,,
"67cb4f07e42b150f96dc180b, 3.55",,,
"65a7027c88eae2b9a68ae596, 3.24",,,
"66463e4efb99fba5a67a010a, 3.56",,,
"66fdd57ffbfc37c25100cd79, 3.31",,,
"667ae31217cd77ff1091dcab, 3.18",,,
"5e646abe244a7f1feb0f6321, 3.89",,,
"6673a9c76ee756c94bd7a893, 3.49",,,
"63eda5a4a87d8bd73853fa8e, 3.52",,,
"67eafb930e75699288e09213, 3.56",,,
"695fcdcbf4432875f5479cd7, 3.42",,,
"63b7566ea98814782bc51d9b, 3.31",,,
"592ed8978ad1ae0001937919, 3.47",,,
"694155c781b1b22947a860c5, 3.18",,,
"6503144f9a10397111eb3eb9, 4.13",,,
"67f2f64e60aeb0e5b30b9e7a, 4.01",,,
"67ac5f2b94b08886739a0003, 3.36",,,
"5a53d878acc75b000179e52e, 3.37",,,
"695fb0485e22f6e6da1dfe02, 3.4",,,
"6496f9fbc2928ee6956ef623, 3.49",,,
"6722ddbde603128350a14863, 3.68",,,
"6483a773153805afbc7f6fdc, 3.28",,,
"605fbc12c61d8d10250f6e51, 3.52",,,
"5d1653de3935ca001b87ff71, 3.46",,,
"6782d20261dc524549bfc996, 3.23",,,
"67e944da95c1ca7712027013, 3.51",,,
"66bc043185a88234c9f6daae, 3.54",,,
"62ab399e15b98baaf3099d60, 3.71",,,
"651adee4c39c1b8ccfd30c2c, 3.55",,,
"678951eaacd3135a38c86ec9, 3.15",,,
"5e04b9be7adf4bf23f066a2a, 4.11",,,
"6722b6b9cb69415ce7f4c688, 3.61",,,
"65cce024500351e8c8f7ff26, 3.39",,,
"67105e698f7df6c2eb1b9137, 3.57",,,
"5ff1fd761d6cb468718cdbeb, 3.35",,,
"670c17328b2ef3366ba42a34, 3.61",,,
"69137e0b6a2740a5eb01b183, 3.79",,,
"67d0a57b0a4981c5e65c3bcc, 3.49",,,
"67e429e9873500ef3343bf00, 3.6",,,
"677d9c0932692ecae75d899b, 3.45",,,
"5e646461698a071f2f15423e, 3.64",,,
"5f4f9bc1f7598f06b2dc816f, 3.66",,,
"6171bd9a5b4994447442a49d, 3.96",,,
"650b695bf3b3d34f9c461926, 3.54",,,
"67dfd2986014ad9eaa886f26, 3.5",,,
"66e4c4358de330a06b4d33f1, 4.0",,,
"606f9bca353fc36aba9ccb8b, 3.43",,,
"63eec085b1d2e79ac4fbbd78, 3.58",,,
"6785891aee9028790a1bd6fc, 3.41",,,
"675626c78f97131ff12b8d37, 3.44",,,
"67672ae601aa0551d537d6dd, 3.26",,,
"653f2424042d03012eb92ef5, 3.36",,,
"672fd24711f758e7a04ac043, 3.51",,,
"66a8f82143da40a6b126975e, 3.63",,,
"678d3d40f1def0ae54a2e89d, 3.15",,,
"63fd0a7da4c0df409be0a784, 3.52",,,
"66200b032829f40f3664afdf, 3.31",,,
"5eb02a40b17a8c0868685d32, 3.77",,,
"67e2ed15da79347d97d600c6, 3.63",,,
"60196ee67d099006f74c5bb3, 4.08",,,
"66117731dd2d071debd435a4, 3.36",,,
"5af1c4dfaec2b600010a96c9, 3.64",,,
"5c55faafb571e7000119e576, 3.51",,,
"678c48506e32ea110dfe1aa0, 3.44",,,
"696a97da7648c7e49fa8eb36, 3.5",,,
"6938b3a102d6dfae6c72a140, 3.22",,,
"69696e5f7f2fd33ddd72b700, 3.24",,,
"668e88ea6a476e76e0c1993b, 3.34",,,
"667d6e31f20123f8eaf45aa4, 3.54",,,
"664fcd7938e76f20c1503ed1, 3.4",,,
"69457dc95341cec41fca5695, 3.54",,,
"67439be8ee2236a7c078d523, 3.58",,,
"614f6bad672ef7cf5ecfd965, 3.42",,,
"5e076480c4e1550e2114f006, 3.46",,,
"5f4ee7ff2c5da213f015a27e, 3.32",,,
"627ebc31883c7dd7c2220c7e, 3.39",,,
"663a8a591f436a85bb4d90c2, 3.48",,,
"691de5f84e51711d498cbd95, 3.67",,,
"6642faa06b2b677499d5f485, 3.23",,,
"5fbb062e91513797e214827d, 3.56",,,
"67299a3cb9242638dd2556db, 3.16",,,
"65edd3b5dab4b33aaf29cbd0, 3.32",,,
"5ca749ff98b35f0001f7559d, 3.37",,,
"64063ab4e87bbb62274cd0e6, 3.74",,,
"696f3e8d1bc17ee7c02d4318, 3.48",,,
"5914b7b50a4b9d0001add64f, 3.27",,,
"6022cb0bc69ce70874b42f78, 3.3",,,
"6348846ae221cb4a0efbf3f9, 3.4",,,
"5ef4db1a45dfc00e117b2a54, 3.28",,,
"6718e196003d5cc872f1e3bc, 3.47",,,
"606a3cf263a18869ac8ee0ed, 3.54",,,
"666b5817eadabfbefc40fe1b, 3.77",,,
"659daa1ed4e13d6428103c1f, 3.23",,,
"6849087820c5cb721d340814, 3.4",,,
"69651f0e74249480b7a2e0eb, 4.39",,,
"6657ab37ba8f20890ac0e52d, 3.46",,,
"5e98e245aa25c6120f522a40, 3.4",,,
"67dd49c5b86cdc10df6d7e70, 3.97",,,
"67cc82d73c1dc6dab0da3147, 3.56",,,
"5c2d187569ceff00011417de, 3.36",,,
"657cda588201fdd1dc26e2ae, 3.27",,,
"647237749c689b370ef50bef, 3.63",,,
"601848135aa9ba08c66cff6a, 3.51",,,
"650764c3a197814ab15f8237, 3.28",,,
"67eff64644dbaffed18ecb37, 3.25",,,
"66c3f9c82a62ec48ab383e47, 3.41",,,
"60a6f069396cebb99ad0c6a7, 3.51",,,
"66a450cbae4aeed1d6531952, 3.34",,,
"652628fee84059e7913a478b, 3.5",,,
"5687bbe7369319000c269af0, 3.15",,,
"6100372e3a116cb5cb36ebea, 3.26",,,
"642ead184d7533ccfd57d888, 3.37",,,
"67ea5c777a99aaa8d8aadc59, 3.63",,,
"611145d764f3f83ee48ae655, 3.31",,,
"55b508f4fdf99b1c26c21c69, 3.59",,,
"667871d17d7fdf0358f82a28, 3.1",,,
"67ee795beb74f4d224497dac, 3.23",,,
"67f8607be129189cd9ea4c0a, 3.47",,,
"6144b21806fb764e5f179bc2, 4.14",,,
"6944cf58bc1b757bdc6aa373, 3.15",,,
"5dcdb60be64aaa07c14065cc, 3.77",,,
"6148f3d1074988c7852c1774, 3.33",,,
"66294472b8e914428870fcea, 3.25",,,
"5e667f3bc3f30a4050fc8f2f, 3.78",,,
"5b81c0bc35c967000197117f, 3.48",,,
"67d5e3d6a8a6bc7b6665a542, 3.61",,,
"63d3fa55356059073379496e, 3.3",,,
"6845fad63da7756677508375, 3.57",,,
"5cb929bfebd17d0017e7f848, 3.39",,,
"67ab7ed4c126306d2899115a, 3.48",,,
"63d6873b65a6170d64a652f6, 3.46",,,
"638b951008b4843ccdbc4e15, 3.67",,,
"65d3b99a393abc32c9767b01, 3.27",,,
"69459022924d658dbe0c0036, 3.58",,,
"670da3fd0b8a2f7a542a2b24, 3.23",,,
"5dcf402982569a08ddd84086, 3.36",,,
"6501bb247a918443bb34fc33, 3.32",,,
"694eea83ff77f545d9daceb4, 3.46",,,
"64776901546a7820fb994c5d, 3.29",,,
"629aa31883e52081b06a8a8d, 3.73",,,
"55b47001fdf99b615b12d66c, 4.17",,,
"668525b0e1eff8d40c686ec0, 3.7",,,
"5c91658e319e1200014f6f9b, 3.57",,,
"67ef19849ce42ec68447928e, 3.44",,,
"6599b15ac5bd63ec64f8b1f5, 3.38",,,
"63614f71fa75fcbcee84f2ac, 3.42",,,
"66abf0c472f051b5e40cfbfd, 3.42",,,
"665480f12371f7e4c321a587, 3.56",,,
"67164c92298409e37c670b3d, 3.59",,,
"5c745295821a97001763fb1b, 3.45",,,
"66585ecc44201efc39f333bc, 3.53",,,
"67effc951ce344a94949e0e7, 3.22",,,
"63bed6e176fba857a47fbaff, 3.17",,,
"66946e3054a30a2bf5b1be40, 3.67",,,
"614ff24d1d1982c8442aad56, 3.53",,,
"5b16e1a5457ace0001b40d46, 3.38",,,
"684778b641052e8b4624c886, 3.95",,,
"69699d1a4c8aab1ce7a5f231, 3.44",,,
"63d45a7df8f7c19c1dce7c3d, 3.44",,,
"6709873df4fb8176818d08ed, 3.66",,,
"651c1abbc73b6eea8fa97193, 3.57",,,
"67d6838d9d907f59aef03ac5, 3.28",,,
"6941861c4b1dda01ceed62ff, 3.39",,,
"673e5a3412198a5e62837745, 3.31",,,
"616c1cc2510fe9022f6577f8, 3.66",,,
"6691b19c652c71382084ba47, 3.41",,,
"669ae5e518a6da2e08898e9f, 3.29",,,
"67f02740d233a50f479c4e20, 3.31",,,
"60ce5270f1695ea416c25fc3, 3.54",,,
"60833ce5197d68cff9df1b83, 3.51",,,
"696fee945a3143886e5565a5, 3.2",,,
"62926b2bba027005e0a84475, 3.63",,,
"574ce0a57fd0ec000db73aa6, 3.56",,,
"607ba9f40639e8a2c931d622, 3.99",,,
"67055cc13379ce2679625258, 3.61",,,
"67294473dbb580a0ca93f60f, 4.25",,,
"665eab07154b23ebf869e857, 3.63",,,
"60fdd5214fe9e80b975361bd, 3.59",,,
"682cd328bd53185cbbb59840, 3.46",,,
"67608d020ab313f56180df41, 3.61",,,
"66ba1b5273949100f8de1c0e, 3.53",,,
"67f137a8964c967774fb9ea1, 3.34",,,
"674eb1f770104c02bab8b987, 3.38",,,
"69484ee9e3cdda23c272761f, 3.37",,,
"59347d4f53490b0001563e47, 3.49",,,
"66be78ef3ca75af1251ce936, 3.35",,,
"66c7454fd07985772fedfac6, 3.28",,,
"6942ed5a3ccaf73130b11c33, 3.66",,,
"610c83598db46d4d46de2c61, 3.31",,,
"6644f37947ff3c7c3f9bbca1, 3.42",,,
"677e687b4fe041287b17a704, 3.66",,,
"6960c42f55f51045578d73e1, 3.24",,,
"64012ef400259d6b9f41d17e, 3.51",,,
"55aeaeb3fdf99b5c769f1f7c, 3.58",,,
"66d6605db57e9f68c8948dfc, 3.37",,,
"660c9fe7b2e6bf22bcc608b1, 3.41",,,
"5e7e5df723c3560d66f2946d, 3.31",,,
"667c666077e1553682e0428f, 3.42",,,
"661e173b7e84df06b5bef05b, 3.6",,,
"67c4d6db7736e277b8582936, 3.36",,,
"63ed0065eb23ac3ee1726453, 3.49",,,
"69601471aa1a045115750c3f, 3.25",,,
"5de3658d5feb6e3736bd3672, 3.4",,,
"67e923d008c9e3479c33f071, 3.55",,,
"659b09f072b30c6e45306073, 3.37",,,
"66de746bcfef35f46e85ed0f, 3.32",,,
"55cf5cc434e9060005e56c39, 3.6",,,
"67ffb2910de210bfa1a94048, 3.27",,,
"67042cdf06ed4052bdf44c07, 3.28",,,
"5ee1236e7f235110ac6c4ff4, 3.33",,,
"66ec879778bf72c70fc9bfba, 3.41",,,
"60b98567e2d17c3d44747f61, 3.35",,,
"607f25b09b8b44d089bfd49e, 3.19",,,
,,,
"654c3b4d5a50df498c551b64, 3.44",,,
"62a099bb01ad779df1971ea4, 3.28",,,
"5eb83f00de449a08d23547dd, 3.55",,,
"67bf8696b3b7e7a95c9cd9bf, 3.46",,,
"6733c9f67240fddc73fe943b, 3.49",,,
"67e70a61f963fecfc78db7ab, 3.58",,,
"6942b9546065aeb7e30fd87a, 3.16",,,
"5aea56160335e200019ea543, 3.35",,,
"67f09ad02524e8b1d810e0a4, 3.58",,,
"578bcb2c09fb91000133750e, 3.35",,,
"66f0409cf2658a66284b3b2d, 3.35",,,
"67a85137a6f2eda1f128b8c0, 3.51",,,
"5de301515253b03390043d12, 3.56",,,
"67e3f1025293c35616d6e544, 3.3",,,
"6730202dcb4ba16a3665fd44, 3.54",,,
"67081e605bdc4dfcb6377d75, 3.24",,,
"6965287c79d6da768aee26cb, 3.48",,,
"67aae2b5797af1e296927d2a, 3.73",,,
"67da6cb5faae2bb29a934c76, 3.77",,,
"678f02520df6c988ca6bdd85, 3.25",,,
"63e461c4bdc3693c05d515a1, 3.43",,,
"669ed03f13f57e07092e1877, 3.19",,,
"672adb2909ca72744f212a7d, 3.2",,,
"65d62743dfcd203fc76596e3, 4.15",,,
"5d47abcc2dc88900166f27c9, 4.41",,,
"66de3f90c09ef73431e15990, 3.28",,,
"69699214304818262339c32b, 3.27",,,
"647dde92d730823a9e5c7f0f, 3.23",,,
"5bb7af73dd840f0001d85935, 3.68",,,
"5fb3d71c3144730009fe4a7b, 3.27",,,
"67911b9be5af0ac0763a28c7, 3.65",,,
"695fb3350b843bcd09c3b14c, 3.54",,,
"6726c70622b97e6722fa53d8, 3.22",,,
"5de87c376522177f4f41cbd2, 3.49",,,
"67c4b84f8b969f3ba1964b53, 3.37",,,
"5fec06ae197628d566cdc782, 3.71",,,
"615880a66bc32302998866d9, 3.38",,,
"56b8de29e1d0a200051517f8, 3.68",,,
"66351c39f862c014cfa831c4, 3.69",,,
"6766e066a3b78e1549a142c8, 3.46",,,
"6941c2e488676bf4592fee0d, 3.81",,,
"67886304e14cde87368e3688, 3.73",,,
"67d0a4ccb5587fff790273a7, 3.25",,,
"55900dcffdf99b3f7aada3f5, 3.23",,,
"666f1011d64e15b3f825f1e7, 3.38",,,
"67508fdb923229a00abf2aa7, 3.39",,,
"6965563783d18ca4d9b7b722, 3.31",,,
"6786cd9fca3e75e900edbd1c, 3.56",,,
"675c15e099767573c1619b7f, 3.58",,,
"696adf62cb09922b70940372, 3.47",,,
"67f000137a872d98794640b1, 3.57",,,
"67ac35916a70bf9561dca1c9, 3.58",,,
"6679dc943f855ba978447c25, 3.37",,,
"67f0e20347eb50d095c3866d, 3.16",,,
"6639e4b63f0c828141e2ea67, 3.34",,,
"65ff13cac7dc7dc6c54458ce, 3.54",,,
"673378009f99d14c232c1f2b, 4.23",,,
"66613916abcfcbe01b57b32a, 3.23",,,
"67f2e663124c56672ad024e7, 3.49",,,
"5dd61a909ca8a35c14d8d610, 3.36",,,
"6941bfc24e4f261902791a74, 3.17",,,
"65c017a404cde4687fdad22e, 3.47",,,
"610508c09d61c098f072605b, 3.85",,,
"668f0f5a2c9eaa731e4813b0, 3.93",,,
"577f70d1454e5400015f1845, 3.15",,,
"66e5e0262fb2c24edceb8e26, 3.68",,,
"65b1193868f3449f46325ea8, 3.25",,,
"644857a2d21eca3ffb31101e, 3.44",,,
"66fdd81f708d36dbc86f85be, 3.45",,,
"66afcaa60f7d8f58dc21db8e, 3.23",,,
"6787ff8a99fd47745c316a41, 3.49",,,
"60ceeec3a0bed4a1e603b8d7, 3.38",,,
"60c18d0606115c8eecb6091b, 3.19",,,
"696567430931a40878bc529c, 3.44",,,
"5e9c8deb90dd470441c7f98e, 3.61",,,
"66567ea20a512b56a661fc5c, 3.38",,,
"5ca6bbf13b5fcf00100996e9, 3.65",,,
"5de197e923a5111f4fda41de, 3.44",,,
"663d8f0edfd87b4c1f590b99, 3.38",,,
"5dfb693a73d72487b1fe495b, 3.47",,,
"670d2af9c00f086b201e9f70, 3.37",,,
"614cd9dba2dad462039739cf, 3.48",,,
"662bf98a6f25e5ccdce46ebc, 3.47",,,
"674e8d89cc78a200ccd9a84b, 3.51",,,
"696558b70f4205feae05e7c9, 3.51",,,
"6633be0fc2a425c586e5caf9, 3.78",,,
"651b29ff3a6cadf518640abe, 3.35",,,
"67e5cefeefd6e23bf7fef2ff, 3.8",,,
"571178ec3d47e80011635b88, 3.41",,,
"5a64417931b87a0001c6f48b, 3.5",,,
"67e5ebfad8af26b1bb60e460, 3.47",,,
"63a3375101319bb7cb39f654, 3.75",,,
"6575fb1c1a04b30cfb2832d5, 3.87",,,
"6797d5ada6654ec99f741b08, 3.8",,,
"62865e3456c142785cfad2a7, 3.2",,,
"662fb80a4da196677a2d2a16, 3.6",,,
"678041088952b9da0a4734ae, 3.62",,,
"5c1143b388dc060001bab203, 3.34",,,
"695bddfb9e66423579686e83, 3.3",,,
"653581671571d347299832d7, 3.29",,,
"673f944357ae127e26c9fd93, 3.43",,,
"67f11f466f1c4a3d8deab7b3, 4.0",,,
"69419f18b09e6afd065b46a2, 3.66",,,
"657f3a67a7240ab63edeb5d8, 3.23",,,
"667b56b086373fdd0b1ea4a3, 4.0",,,
"694178cae2d83708a00b66e9, 3.12",,,
"66773db510940dbd43e1e679, 3.43",,,
"6101f4093ed452ae3b6d5ab9, 3.28",,,
"6704251bcdca04fef23d385d, 3.56",,,
"60461ebcb6a36e04513f1ee9, 3.53",,,
"661b790c20a5df530caee16c, 3.25",,,
"5d4c7ac3e8ec490018b0050d, 3.28",,,
"5de96ccf7aeafe09d7e8a74a, 3.29",,,
"572a31e8d7299f000f7b594a, 3.37",,,
"63c5c3192e709e19fc67d5dd, 3.26",,,
"63cdba9e0c27bf2817c222d0, 3.23",,,
"67e73cc7cf25bb683f36f62c, 3.38",,,
"67b791d5e2abde553e3b3dcc, 4.09",,,
"66a64b6d1d2a5ee80b86f3b8, 3.23",,,
"68dc82cf2d34a90250ee5972, 3.4",,,
"661c5ee0d0e14a2e13e40374, 3.52",,,
"67645a8359ebabb5492f4df1, 3.05",,,
"693adf9bb95d86b48b676ee3, 3.63",,,
"5c49a5f7cfaf510001550a96, 3.59",,,
"6792be61e76d14803ce9c2dd, 3.17",,,
"695fc71f6c3e211274612a66, 3.51",,,
"695c314b629ae7fef635e3fd, 3.82",,,
"67eb5332af03cf75862d5e87, 3.5",,,
"69698912c7e6a82a6038297c, 3.14",,,
"67842f4905ea29ff5558b963, 3.78",,,
"66537ee0b74eb6e13c4b6f32, 3.13",,,
"663e251d0e5b9e5b42d5c0d6, 3.15",,,
"5e8f945fe502b12914ae7600, 3.26",,,
"67d64ac905f499cb54151b62, 3.32",,,
"5f9da8b53fb22a30a85f889b, 3.5",,,
"656de95d96d9c1b0bfa2ba83, 3.36",,,
"5d2ff461d9e25c0017b01972, 3.5",,,
"65a9315cdf44fe04344cfc4a, 3.1",,,
"69600b3404f91a0c9958b297, 3.44",,,
"6670e05a65d32df6fa3e7560, 3.69",,,
"6460a5c4be2b393475006c79, 3.57",,,
"5d16ab9b59da87001ac41a61, 3.33",,,
"59d1e366faf42e00012b6c1c, 3.06",,,