participant.id_in_session,participant.code,participant.label,participant._is_bot,participant._index_in_pages,participant._max_page_index,participant._current_app_name,participant._current_page_name,participant.time_started_utc,participant.visited,participant.mturk_worker_id,participant.mturk_assignment_id,participant.payoff,player.id_in_group,player.role,player.payoff,player.consent,player.condition,player.user_agent_browser,player.user_agent_browser_version,player.user_agent_os,player.user_agent_os_version,player.user_agent_device,player.user_agent_is_bot,player.user_agent_is_mobile,player.user_agent_is_tablet,player.user_agent_is_pc,player.attention_check,player.attention_check_passed,player.q1,player.q2,player.q3,player.q4,player.q5,player.q6,player.self_assesment,session.code,session.label,session.mturk_HITId,session.mturk_HITGroupId,session.comment,session.is_demo
1,nb352xw9,CHAPKOVSKI,0,2,52,intro,Instructions,2026-01-13 12:19:32.125858,1,,,0.0,1,,0.0,1,control,Chrome,143.0.0,Mac OS X,10.15.7,Mac,0,0,0,1,,,,,,,,,,4pnyq9ay,,,,,0
2,02dt41v2,,0,2,52,intro,Instructions,2026-01-13 12:19:57.501856,1,,,0.0,2,,0.0,1,treatment,Chrome,143.0.0,Mac OS X,10.15.7,Mac,0,0,0,1,,,,,,,,,,4pnyq9ay,,,,,0
3,hrnibdd0,5c5ff87f8c0552000109d7de,0,2,52,intro,Instructions,2026-01-13 12:27:22.014726,1,,,0.0,3,,0.0,1,treatment,Chrome,143.0.0,Mac OS X,10.15.7,Mac,0,0,0,1,,,,,,,,,,4pnyq9ay,,,,,0
4,0aiehn2r,5ebbc0b64fa5d7198e40eb2b,0,3,52,intro,comprehensionQuestions,2026-01-13 12:27:34.951269,1,,,0.0,4,,0.0,1,treatment,Google,402.0.850515619,iOS,26.1.0,iPhone,0,1,0,0,,,,,,,,,,4pnyq9ay,,,,,0
5,72ynqf5l,695c0d0826bfa6a67f9d13ed,0,52,52,post_exp,FinalForProlific,2026-01-13 12:29:33.818757,1,,,120.24,5,,0.0,1,control,Chrome,143.0.0,Mac OS X,10.15.7,Mac,0,0,0,1,third_option,1,,,,,,,6,4pnyq9ay,,,,,0
6,tenals7u,59a7cfeb7ff2320001ec59d9,0,49,52,post_exp,Demographics,2026-01-13 12:33:46.935134,1,,,1244.44,6,,0.0,1,treatment,Chrome Mobile,138.0.0,Android,10,K,0,1,0,0,third_option,1,,,,,,,3,4pnyq9ay,,,,,0
7,85sklq0c,5e1f7b5450f6aa0122fcef8b,0,6,52,main,Trade,2026-01-13 12:35:39.868372,1,,,0.0,7,,0.0,1,treatment,Chrome Mobile,138.0.0,Android,10,K,0,1,0,0,third_option,1,,,,,,,2,4pnyq9ay,,,,,0
8,aes53fug,60ddc62b071a009e0b0c2922,0,52,52,post_exp,FinalForProlific,2026-01-13 12:35:48.635523,1,,,121.64,8,,0.0,1,treatment,Chrome,143.0.0,Windows,10,Other,0,0,0,1,third_option,1,,,,,,,8,4pnyq9ay,,,,,0
9,8tps2isy,6631997e0554bb6d25062fd4,0,52,52,post_exp,FinalForProlific,2026-01-13 12:39:37.543402,1,,,111.87,9,,0.0,1,control,Chrome,143.0.0,Windows,10,Other,0,0,0,1,third_option,1,,,,,,,6,4pnyq9ay,,,,,0
10,baicjhts,66fd3f6c93c24ecc119be354,0,52,52,post_exp,FinalForProlific,2026-01-13 13:39:22.662260,1,,,100.73,10,,0.0,1,treatment,Firefox,146.0,Windows,10,Other,0,0,0,1,third_option,1,,,,,,,5,4pnyq9ay,,,,,0
11,e7ngb17q,5f1833a16e55c522eeaf4dbe,0,52,52,post_exp,FinalForProlific,2026-01-13 13:41:08.788415,1,,,107.3,11,,0.0,1,treatment,Chrome,143.0.0,Mac OS X,10.15.7,Mac,0,0,0,1,third_option,1,,,,,,,7,4pnyq9ay,,,,,0
12,8tiob781,558996f2fdf99b7ae47f5ed2,0,52,52,post_exp,FinalForProlific,2026-01-13 13:44:31.217544,1,,,118.02,12,,0.0,1,treatment,Chrome,143.0.0,Windows,10,Other,0,0,0,1,third_option,1,,,,,,,4,4pnyq9ay,,,,,0
13,10ba1h9i,673e222bdb1a35935b3075f1,0,52,52,post_exp,FinalForProlific,2026-01-13 13:45:11.395849,1,,,122.77,13,,0.0,1,control,Firefox,146.0,Windows,10,Other,0,0,0,1,third_option,1,,,,,,,7,4pnyq9ay,,,,,0
14,emikhd4s,5d542c3a5af5900019bc80c4,0,52,52,post_exp,FinalForProlific,2026-01-13 13:55:36.281484,1,,,107.1,14,,0.0,1,treatment,Chrome,143.0.0,Mac OS X,10.15.7,Mac,0,0,0,1,third_option,1,,,,,,,9,4pnyq9ay,,,,,0
15,izrq526l,5ad8dbe2e34a050001b83eac,0,52,52,post_exp,FinalForProlific,2026-01-13 13:57:46.418645,1,,,110.0,15,,0.0,1,treatment,Chrome,143.0.0,Windows,10,Other,0,0,0,1,third_option,1,,,,,,,8,4pnyq9ay,,,,,0
16,gq6osmn7,59775e3831c84f0001d977b7,0,52,52,post_exp,FinalForProlific,2026-01-13 14:30:13.918982,1,,,110.24,16,,0.0,1,treatment,Chrome,143.0.0,Windows,10,Other,0,0,0,1,third_option,1,,,,,,,7,4pnyq9ay,,,,,0
17,le9lwn4f,66855395948d6d88d5a55521,0,52,52,post_exp,FinalForProlific,2026-01-13 15:38:56.747084,1,,,108.24,17,,0.0,1,control,Chrome,143.0.0,Windows,10,Other,0,0,0,1,third_option,1,,,,,,,7,4pnyq9ay,,,,,0
18,xlu1r0j7,5afc14a00b2d5f00015693b4,0,3,52,intro,comprehensionQuestions,2026-01-13 15:39:00.905584,1,,,0.0,18,,0.0,1,treatment,Edge,143.0.0,Windows,10,Other,0,0,0,1,,,,,,,,,,4pnyq9ay,,,,,0
19,4phk9rhl,5c8cfc3772503f0001e9c965,0,9,52,main,Trade,2026-01-13 15:39:03.853931,1,,,0.0,19,,0.0,1,treatment,Edge,143.0.0,Windows,10,Other,0,0,0,1,third_option,1,,,,,,,5,4pnyq9ay,,,,,0
20,ynavroxb,66e8c6e99be9621d5b1ed1fa,0,52,52,post_exp,FinalForProlific,2026-01-13 15:39:39.270008,1,,,112.46,20,,0.0,1,treatment,Chrome,127.0.0,Windows,10,Other,0,0,0,1,third_option,1,,,,,,,6,4pnyq9ay,,,,,0
21,nasyklay,5b826da908ee760001522a91,0,52,52,post_exp,FinalForProlific,2026-01-13 15:40:57.908129,1,,,115.21,21,,0.0,1,control,Chrome,143.0.0,Windows,10,Other,0,0,0,1,third_option,1,,,,,,,4,4pnyq9ay,,,,,0
22,gjpfewwp,66e9236f775eae67be04229d,0,52,52,post_exp,FinalForProlific,2026-01-13 15:42:30.599968,1,,,115.33,22,,0.0,1,treatment,Chrome,143.0.0,Windows,10,Other,0,0,0,1,third_option,1,,,,,,,5,4pnyq9ay,,,,,0
23,x2quip9k,66faa830ac165a79e559da2a,0,52,52,post_exp,FinalForProlific,2026-01-13 16:14:34.973346,1,,,110.21,23,,0.0,1,treatment,Chrome,136.0.0,Chrome OS,14541.0.0,Other,0,0,0,1,third_option,1,,,,,,,7,4pnyq9ay,,,,,0
24,38z77ico,,0,0,52,,,,0,,,0.0,24,,0.0,,treatment,,,,,,,,,,,,,,,,,,,4pnyq9ay,,,,,0
25,lgiwpk7i,,0,0,52,,,,0,,,0.0,25,,0.0,,control,,,,,,,,,,,,,,,,,,,4pnyq9ay,,,,,0
26,jgarufcq,,0,0,52,,,,0,,,0.0,26,,0.0,,treatment,,,,,,,,,,,,,,,,,,,4pnyq9ay,,,,,0
27,zgisca8d,,0,0,52,,,,0,,,0.0,27,,0.0,,treatment,,,,,,,,,,,,,,,,,,,4pnyq9ay,,,,,0
28,5oburcgm,,0,0,52,,,,0,,,0.0,28,,0.0,,treatment,,,,,,,,,,,,,,,,,,,4pnyq9ay,,,,,0
29,z7ietb1x,,0,0,52,,,,0,,,0.0,29,,0.0,,control,,,,,,,,,,,,,,,,,,,4pnyq9ay,,,,,0
30,hnfk1zjs,,0,0,52,,,,0,,,0.0,30,,0.0,,treatment,,,,,,,,,,,,,,,,,,,4pnyq9ay,,,,,0
31,krnljf26,,0,0,52,,,,0,,,0.0,31,,0.0,,treatment,,,,,,,,,,,,,,,,,,,4pnyq9ay,,,,,0
32,9uzqb6dc,,0,0,52,,,,0,,,0.0,32,,0.0,,treatment,,,,,,,,,,,,,,,,,,,4pnyq9ay,,,,,0
33,wwo0074q,,0,0,52,,,,0,,,0.0,33,,0.0,,control,,,,,,,,,,,,,,,,,,,4pnyq9ay,,,,,0
34,6v84q6j5,,0,0,52,,,,0,,,0.0,34,,0.0,,treatment,,,,,,,,,,,,,,,,,,,4pnyq9ay,,,,,0
35,sj1vg6e8,,0,0,52,,,,0,,,0.0,35,,0.0,,treatment,,,,,,,,,,,,,,,,,,,4pnyq9ay,,,,,0
36,mu8a9r42,,0,0,52,,,,0,,,0.0,36,,0.0,,treatment,,,,,,,,,,,,,,,,,,,4pnyq9ay,,,,,0
37,529dgch2,,0,0,52,,,,0,,,0.0,37,,0.0,,control,,,,,,,,,,,,,,,,,,,4pnyq9ay,,,,,0
38,ndsr2beh,,0,0,52,,,,0,,,0.0,38,,0.0,,treatment,,,,,,,,,,,,,,,,,,,4pnyq9ay,,,,,0
39,zug74087,,0,0,52,,,,0,,,0.0,39,,0.0,,treatment,,,,,,,,,,,,,,,,,,,4pnyq9ay,,,,,0
40,nm8h5pcd,,0,0,52,,,,0,,,0.0,40,,0.0,,treatment,,,,,,,,,,,,,,,,,,,4pnyq9ay,,,,,0
41,08epvjnd,,0,0,52,,,,0,,,0.0,41,,0.0,,control,,,,,,,,,,,,,,,,,,,4pnyq9ay,,,,,0
42,v3fezz6w,,0,0,52,,,,0,,,0.0,42,,0.0,,treatment,,,,,,,,,,,,,,,,,,,4pnyq9ay,,,,,0
43,1gkl8bly,,0,0,52,,,,0,,,0.0,43,,0.0,,treatment,,,,,,,,,,,,,,,,,,,4pnyq9ay,,,,,0
44,t83zwlpl,,0,0,52,,,,0,,,0.0,44,,0.0,,treatment,,,,,,,,,,,,,,,,,,,4pnyq9ay,,,,,0
45,8dkn4djx,,0,0,52,,,,0,,,0.0,45,,0.0,,control,,,,,,,,,,,,,,,,,,,4pnyq9ay,,,,,0
46,8mlria88,,0,0,52,,,,0,,,0.0,46,,0.0,,treatment,,,,,,,,,,,,,,,,,,,4pnyq9ay,,,,,0
47,dhrfg6h1,,0,0,52,,,,0,,,0.0,47,,0.0,,treatment,,,,,,,,,,,,,,,,,,,4pnyq9ay,,,,,0
48,aizaiccw,,0,0,52,,,,0,,,0.0,48,,0.0,,treatment,,,,,,,,,,,,,,,,,,,4pnyq9ay,,,,,0
49,n0xuc51m,,0,0,52,,,,0,,,0.0,49,,0.0,,control,,,,,,,,,,,,,,,,,,,4pnyq9ay,,,,,0
50,grm1gijl,,0,0,52,,,,0,,,0.0,50,,0.0,,treatment,,,,,,,,,,,,,,,,,,,4pnyq9ay,,,,,0
51,1nq6xl1g,,0,0,52,,,,0,,,0.0,51,,0.0,,treatment,,,,,,,,,,,,,,,,,,,4pnyq9ay,,,,,0
52,pjw7p9xa,,0,0,52,,,,0,,,0.0,52,,0.0,,treatment,,,,,,,,,,,,,,,,,,,4pnyq9ay,,,,,0
53,4ublzn4i,,0,0,52,,,,0,,,0.0,53,,0.0,,control,,,,,,,,,,,,,,,,,,,4pnyq9ay,,,,,0
54,ilkjhr3q,,0,0,52,,,,0,,,0.0,54,,0.0,,treatment,,,,,,,,,,,,,,,,,,,4pnyq9ay,,,,,0
55,drr2l1y2,,0,0,52,,,,0,,,0.0,55,,0.0,,treatment,,,,,,,,,,,,,,,,,,,4pnyq9ay,,,,,0
56,sl9rwc5a,,0,0,52,,,,0,,,0.0,56,,0.0,,treatment,,,,,,,,,,,,,,,,,,,4pnyq9ay,,,,,0
57,x2hsj5c7,,0,0,52,,,,0,,,0.0,57,,0.0,,control,,,,,,,,,,,,,,,,,,,4pnyq9ay,,,,,0
58,rflqbjbn,,0,0,52,,,,0,,,0.0,58,,0.0,,treatment,,,,,,,,,,,,,,,,,,,4pnyq9ay,,,,,0
59,4towf002,,0,0,52,,,,0,,,0.0,59,,0.0,,treatment,,,,,,,,,,,,,,,,,,,4pnyq9ay,,,,,0
60,umgvbobn,,0,0,52,,,,0,,,0.0,60,,0.0,,treatment,,,,,,,,,,,,,,,,,,,4pnyq9ay,,,,,0
61,3wf5h1tk,,0,0,52,,,,0,,,0.0,61,,0.0,,control,,,,,,,,,,,,,,,,,,,4pnyq9ay,,,,,0
62,rf8acz5y,,0,0,52,,,,0,,,0.0,62,,0.0,,treatment,,,,,,,,,,,,,,,,,,,4pnyq9ay,,,,,0
63,fo6e43rt,,0,0,52,,,,0,,,0.0,63,,0.0,,treatment,,,,,,,,,,,,,,,,,,,4pnyq9ay,,,,,0
64,520qxzdd,,0,0,52,,,,0,,,0.0,64,,0.0,,treatment,,,,,,,,,,,,,,,,,,,4pnyq9ay,,,,,0
65,cl27subt,,0,0,52,,,,0,,,0.0,65,,0.0,,control,,,,,,,,,,,,,,,,,,,4pnyq9ay,,,,,0
66,3lb9k5cs,,0,0,52,,,,0,,,0.0,66,,0.0,,treatment,,,,,,,,,,,,,,,,,,,4pnyq9ay,,,,,0
67,4rgajsff,,0,0,52,,,,0,,,0.0,67,,0.0,,treatment,,,,,,,,,,,,,,,,,,,4pnyq9ay,,,,,0
68,pzjrs995,,0,0,52,,,,0,,,0.0,68,,0.0,,treatment,,,,,,,,,,,,,,,,,,,4pnyq9ay,,,,,0
69,cabysv2o,,0,0,52,,,,0,,,0.0,69,,0.0,,control,,,,,,,,,,,,,,,,,,,4pnyq9ay,,,,,0
70,t6n91ndd,,0,0,52,,,,0,,,0.0,70,,0.0,,treatment,,,,,,,,,,,,,,,,,,,4pnyq9ay,,,,,0
71,1xy6a3bl,,0,0,52,,,,0,,,0.0,71,,0.0,,treatment,,,,,,,,,,,,,,,,,,,4pnyq9ay,,,,,0
72,np778ny0,,0,0,52,,,,0,,,0.0,72,,0.0,,treatment,,,,,,,,,,,,,,,,,,,4pnyq9ay,,,,,0
73,3nirtiy3,,0,0,52,,,,0,,,0.0,73,,0.0,,control,,,,,,,,,,,,,,,,,,,4pnyq9ay,,,,,0
74,rrcku73e,,0,0,52,,,,0,,,0.0,74,,0.0,,treatment,,,,,,,,,,,,,,,,,,,4pnyq9ay,,,,,0
75,rq5o6yy9,,0,0,52,,,,0,,,0.0,75,,0.0,,treatment,,,,,,,,,,,,,,,,,,,4pnyq9ay,,,,,0
76,1o8fzppx,,0,0,52,,,,0,,,0.0,76,,0.0,,treatment,,,,,,,,,,,,,,,,,,,4pnyq9ay,,,,,0
77,9d0lmchq,,0,0,52,,,,0,,,0.0,77,,0.0,,control,,,,,,,,,,,,,,,,,,,4pnyq9ay,,,,,0
78,qtuns9ly,,0,0,52,,,,0,,,0.0,78,,0.0,,treatment,,,,,,,,,,,,,,,,,,,4pnyq9ay,,,,,0
79,coht1pju,,0,0,52,,,,0,,,0.0,79,,0.0,,treatment,,,,,,,,,,,,,,,,,,,4pnyq9ay,,,,,0
80,yjww94e3,,0,0,52,,,,0,,,0.0,80,,0.0,,treatment,,,,,,,,,,,,,,,,,,,4pnyq9ay,,,,,0
81,hdt61z5b,,0,0,52,,,,0,,,0.0,81,,0.0,,control,,,,,,,,,,,,,,,,,,,4pnyq9ay,,,,,0
82,kob5i3fy,,0,0,52,,,,0,,,0.0,82,,0.0,,treatment,,,,,,,,,,,,,,,,,,,4pnyq9ay,,,,,0
83,dzbltg0f,,0,0,52,,,,0,,,0.0,83,,0.0,,treatment,,,,,,,,,,,,,,,,,,,4pnyq9ay,,,,,0
84,ns7y85dr,,0,0,52,,,,0,,,0.0,84,,0.0,,treatment,,,,,,,,,,,,,,,,,,,4pnyq9ay,,,,,0
85,wh0otid1,,0,0,52,,,,0,,,0.0,85,,0.0,,control,,,,,,,,,,,,,,,,,,,4pnyq9ay,,,,,0
86,d99gscif,,0,0,52,,,,0,,,0.0,86,,0.0,,treatment,,,,,,,,,,,,,,,,,,,4pnyq9ay,,,,,0
87,91fnlvbj,,0,0,52,,,,0,,,0.0,87,,0.0,,treatment,,,,,,,,,,,,,,,,,,,4pnyq9ay,,,,,0
88,hd8fnqn5,,0,0,52,,,,0,,,0.0,88,,0.0,,treatment,,,,,,,,,,,,,,,,,,,4pnyq9ay,,,,,0
89,vk3l9b1a,,0,0,52,,,,0,,,0.0,89,,0.0,,control,,,,,,,,,,,,,,,,,,,4pnyq9ay,,,,,0
90,xxzlqtye,,0,0,52,,,,0,,,0.0,90,,0.0,,treatment,,,,,,,,,,,,,,,,,,,4pnyq9ay,,,,,0
91,bayiwnyk,,0,0,52,,,,0,,,0.0,91,,0.0,,treatment,,,,,,,,,,,,,,,,,,,4pnyq9ay,,,,,0
92,3g103kap,,0,0,52,,,,0,,,0.0,92,,0.0,,treatment,,,,,,,,,,,,,,,,,,,4pnyq9ay,,,,,0
93,1hwait4b,,0,0,52,,,,0,,,0.0,93,,0.0,,control,,,,,,,,,,,,,,,,,,,4pnyq9ay,,,,,0
94,reeeznyl,,0,0,52,,,,0,,,0.0,94,,0.0,,treatment,,,,,,,,,,,,,,,,,,,4pnyq9ay,,,,,0
95,nk1ozd9b,,0,0,52,,,,0,,,0.0,95,,0.0,,treatment,,,,,,,,,,,,,,,,,,,4pnyq9ay,,,,,0
96,hsqt27wj,,0,0,52,,,,0,,,0.0,96,,0.0,,treatment,,,,,,,,,,,,,,,,,,,4pnyq9ay,,,,,0
97,yj6utito,,0,0,52,,,,0,,,0.0,97,,0.0,,control,,,,,,,,,,,,,,,,,,,4pnyq9ay,,,,,0
98,lnf7sloi,,0,0,52,,,,0,,,0.0,98,,0.0,,treatment,,,,,,,,,,,,,,,,,,,4pnyq9ay,,,,,0
99,a9lzpd7n,,0,0,52,,,,0,,,0.0,99,,0.0,,treatment,,,,,,,,,,,,,,,,,,,4pnyq9ay,,,,,0
100,clldrpw5,,0,0,52,,,,0,,,0.0,100,,0.0,,treatment,,,,,,,,,,,,,,,,,,,4pnyq9ay,,,,,0
1,v5p7p926,6723a4fc5d6db59fe3d4d4f0,0,3,52,intro,comprehensionQuestions,2026-01-13 17:17:31.173822,1,,,0.0,1,,0.0,1,control,Chrome,143.0.0,Windows,10,Other,0,0,0,1,,,,,,,,,,m5x4bbn3,,,,,0
2,tgtblzal,5c7bc3f0ca5d980001408e36,0,3,52,intro,comprehensionQuestions,2026-01-13 17:17:41.263919,1,,,0.0,2,,0.0,1,treatment,Mobile Safari,26.2,iOS,18.7,iPhone,0,1,0,0,,,,,,,,,,m5x4bbn3,,,,,0
3,7q4xa1m4,5ced66139b5b490001b688ed,0,52,52,post_exp,FinalForProlific,2026-01-13 17:17:45.180624,1,,,108.02,3,,0.0,1,treatment,Chrome,143.0.0,Windows,10,Other,0,0,0,1,third_option,1,,,,,,,2,m5x4bbn3,,,,,0
4,8x0oks74,664c9de6874cd4d39680afea,0,3,52,intro,comprehensionQuestions,2026-01-13 17:17:50.295998,1,,,0.0,4,,0.0,1,treatment,Chrome,142.0.0,Windows,10,Other,0,0,0,1,,,,,,,,,,m5x4bbn3,,,,,0
5,hobwyr4l,63ea4b5592211a79471c9deb,0,52,52,post_exp,FinalForProlific,2026-01-13 17:17:53.277175,1,,,122.86,5,,0.0,1,control,Chrome,143.0.0,Windows,10,Other,0,0,0,1,third_option,1,,,,,,,7,m5x4bbn3,,,,,0
6,wnsaau6f,669f0372343e26023ee5c023,0,52,52,post_exp,FinalForProlific,2026-01-13 17:18:09.872529,1,,,113.08,6,,0.0,1,treatment,Chrome,131.0.0,Windows,10,Other,0,0,0,1,third_option,1,,,,,,,5,m5x4bbn3,,,,,0
7,j62f6gj0,676ae47a7cae28cecaf838e6,0,52,52,post_exp,FinalForProlific,2026-01-13 17:18:16.141831,1,,,105.35,7,,0.0,1,treatment,Mobile Safari,18.6,iOS,18.6.2,iPhone,0,1,0,0,third_option,1,,,,,,,7,m5x4bbn3,,,,,0
8,shm5nqt5,655e09fc282e4139c82f834a,0,52,52,post_exp,FinalForProlific,2026-01-13 17:18:16.866052,1,,,107.25,8,,0.0,1,treatment,Chrome,143.0.0,Windows,10,Other,0,0,0,1,third_option,1,,,,,,,5,m5x4bbn3,,,,,0
9,kvyq565n,6727964977929019f6ff8a5d,0,9,52,main,Trade,2026-01-13 17:18:35.340196,1,,,0.0,9,,0.0,1,control,Mobile Safari,18.6,iOS,18.6.2,iPhone,0,1,0,0,third_option,1,,,,,,,7,m5x4bbn3,,,,,0
10,9cq870iw,5f5de7ba9a3ef664001fe837,0,3,52,intro,comprehensionQuestions,2026-01-13 17:18:48.645697,1,,,0.0,10,,0.0,1,treatment,Chrome,143.0.0,Windows,10,Other,0,0,0,1,,,,,,,,,,m5x4bbn3,,,,,0
11,appf6nwc,66635a51d2ef2f39abd09b67,0,52,52,post_exp,FinalForProlific,2026-01-13 17:19:47.282106,1,,,116.26,11,,0.0,1,treatment,Chrome,143.0.0,Mac OS X,10.15.7,Mac,0,0,0,1,third_option,1,,,,,,,7,m5x4bbn3,,,,,0
12,6hwsmcop,5a8b527d5292b80001232b81,0,3,52,intro,comprehensionQuestions,2026-01-13 17:19:53.902003,1,,,0.0,12,,0.0,1,treatment,Edge,143.0.0,Windows,10,Other,0,0,0,1,,,,,,,,,,m5x4bbn3,,,,,0
13,bmjrzxc1,62da6a553aaca6fffb50307f,0,6,52,main,Trade,2026-01-13 17:20:21.610686,1,,,0.0,13,,0.0,1,control,Chrome,143.0.0,Windows,10,Other,0,0,0,1,third_option,1,,,,,,,4,m5x4bbn3,,,,,0
14,ksmbi28l,673c8c2a86f12a6e2c1764a4,0,52,52,post_exp,FinalForProlific,2026-01-13 17:20:46.062725,1,,,108.33,14,,0.0,1,treatment,Chrome,140.0.0,Windows,10,Other,0,0,0,1,third_option,1,,,,,,,7,m5x4bbn3,,,,,0
15,luqq41ll,651d9ea96f3253abbfd8d38b,0,52,52,post_exp,FinalForProlific,2026-01-13 17:20:55.854924,1,,,103.19,15,,0.0,1,treatment,Chrome,143.0.0,Windows,10,Other,0,0,0,1,third_option,1,,,,,,,1,m5x4bbn3,,,,,0
16,pr6ez0t6,5e34325430e5263f0bebb32d,0,52,52,post_exp,FinalForProlific,2026-01-13 17:24:11.686660,1,,,107.35,16,,0.0,1,treatment,Chrome,143.0.0,Windows,10,Other,0,0,0,1,third_option,1,,,,,,,5,m5x4bbn3,,,,,0
17,rzuvfpdg,6501c0a2e788b5556c24569d,0,52,52,post_exp,FinalForProlific,2026-01-13 17:25:02.449592,1,,,125.49,17,,0.0,1,control,Chrome,143.0.0,Windows,10,Other,0,0,0,1,third_option,1,,,,,,,6,m5x4bbn3,,,,,0
18,go639853,,0,0,52,,,,0,,,0.0,18,,0.0,,treatment,,,,,,,,,,,,,,,,,,,m5x4bbn3,,,,,0
19,es5y72p8,,0,0,52,,,,0,,,0.0,19,,0.0,,treatment,,,,,,,,,,,,,,,,,,,m5x4bbn3,,,,,0
20,nnqdejji,,0,0,52,,,,0,,,0.0,20,,0.0,,treatment,,,,,,,,,,,,,,,,,,,m5x4bbn3,,,,,0
21,5jr77ct0,,0,0,52,,,,0,,,0.0,21,,0.0,,control,,,,,,,,,,,,,,,,,,,m5x4bbn3,,,,,0
22,tkfvz1rd,,0,0,52,,,,0,,,0.0,22,,0.0,,treatment,,,,,,,,,,,,,,,,,,,m5x4bbn3,,,,,0
23,46u0bxda,,0,0,52,,,,0,,,0.0,23,,0.0,,treatment,,,,,,,,,,,,,,,,,,,m5x4bbn3,,,,,0
24,vy3u23lq,,0,0,52,,,,0,,,0.0,24,,0.0,,treatment,,,,,,,,,,,,,,,,,,,m5x4bbn3,,,,,0
25,ginzwr0h,,0,0,52,,,,0,,,0.0,25,,0.0,,control,,,,,,,,,,,,,,,,,,,m5x4bbn3,,,,,0
26,zwk89iu5,,0,0,52,,,,0,,,0.0,26,,0.0,,treatment,,,,,,,,,,,,,,,,,,,m5x4bbn3,,,,,0
27,e3zitdy6,,0,0,52,,,,0,,,0.0,27,,0.0,,treatment,,,,,,,,,,,,,,,,,,,m5x4bbn3,,,,,0
28,s7p218yx,,0,0,52,,,,0,,,0.0,28,,0.0,,treatment,,,,,,,,,,,,,,,,,,,m5x4bbn3,,,,,0
29,ifhiyq7c,,0,0,52,,,,0,,,0.0,29,,0.0,,control,,,,,,,,,,,,,,,,,,,m5x4bbn3,,,,,0
30,eusycgom,,0,0,52,,,,0,,,0.0,30,,0.0,,treatment,,,,,,,,,,,,,,,,,,,m5x4bbn3,,,,,0
31,0s504vl8,,0,0,52,,,,0,,,0.0,31,,0.0,,treatment,,,,,,,,,,,,,,,,,,,m5x4bbn3,,,,,0
32,lpnvn4c1,,0,0,52,,,,0,,,0.0,32,,0.0,,treatment,,,,,,,,,,,,,,,,,,,m5x4bbn3,,,,,0
33,nrtrv892,,0,0,52,,,,0,,,0.0,33,,0.0,,control,,,,,,,,,,,,,,,,,,,m5x4bbn3,,,,,0
34,gok7tw6g,,0,0,52,,,,0,,,0.0,34,,0.0,,treatment,,,,,,,,,,,,,,,,,,,m5x4bbn3,,,,,0
35,uv8dosnq,,0,0,52,,,,0,,,0.0,35,,0.0,,treatment,,,,,,,,,,,,,,,,,,,m5x4bbn3,,,,,0
36,v7222njd,,0,0,52,,,,0,,,0.0,36,,0.0,,treatment,,,,,,,,,,,,,,,,,,,m5x4bbn3,,,,,0
37,3p39srgp,,0,0,52,,,,0,,,0.0,37,,0.0,,control,,,,,,,,,,,,,,,,,,,m5x4bbn3,,,,,0
38,lx725v5a,,0,0,52,,,,0,,,0.0,38,,0.0,,treatment,,,,,,,,,,,,,,,,,,,m5x4bbn3,,,,,0
39,nokc44iu,,0,0,52,,,,0,,,0.0,39,,0.0,,treatment,,,,,,,,,,,,,,,,,,,m5x4bbn3,,,,,0
40,nhkrem9s,,0,0,52,,,,0,,,0.0,40,,0.0,,treatment,,,,,,,,,,,,,,,,,,,m5x4bbn3,,,,,0
41,zrifs78w,,0,0,52,,,,0,,,0.0,41,,0.0,,control,,,,,,,,,,,,,,,,,,,m5x4bbn3,,,,,0
42,d7547pnj,,0,0,52,,,,0,,,0.0,42,,0.0,,treatment,,,,,,,,,,,,,,,,,,,m5x4bbn3,,,,,0
43,dw1o1fsk,,0,0,52,,,,0,,,0.0,43,,0.0,,treatment,,,,,,,,,,,,,,,,,,,m5x4bbn3,,,,,0
44,c8dm8j71,,0,0,52,,,,0,,,0.0,44,,0.0,,treatment,,,,,,,,,,,,,,,,,,,m5x4bbn3,,,,,0
45,ry8jilqc,,0,0,52,,,,0,,,0.0,45,,0.0,,control,,,,,,,,,,,,,,,,,,,m5x4bbn3,,,,,0
46,urtz332o,,0,0,52,,,,0,,,0.0,46,,0.0,,treatment,,,,,,,,,,,,,,,,,,,m5x4bbn3,,,,,0
47,bgl3kv7o,,0,0,52,,,,0,,,0.0,47,,0.0,,treatment,,,,,,,,,,,,,,,,,,,m5x4bbn3,,,,,0
48,bv1od516,,0,0,52,,,,0,,,0.0,48,,0.0,,treatment,,,,,,,,,,,,,,,,,,,m5x4bbn3,,,,,0
49,f1asa7zb,,0,0,52,,,,0,,,0.0,49,,0.0,,control,,,,,,,,,,,,,,,,,,,m5x4bbn3,,,,,0
50,eq5pp1mg,,0,0,52,,,,0,,,0.0,50,,0.0,,treatment,,,,,,,,,,,,,,,,,,,m5x4bbn3,,,,,0
51,omyniqoq,,0,0,52,,,,0,,,0.0,51,,0.0,,treatment,,,,,,,,,,,,,,,,,,,m5x4bbn3,,,,,0
52,jo9nroex,,0,0,52,,,,0,,,0.0,52,,0.0,,treatment,,,,,,,,,,,,,,,,,,,m5x4bbn3,,,,,0
53,ct41cifm,,0,0,52,,,,0,,,0.0,53,,0.0,,control,,,,,,,,,,,,,,,,,,,m5x4bbn3,,,,,0
54,7d3lob61,,0,0,52,,,,0,,,0.0,54,,0.0,,treatment,,,,,,,,,,,,,,,,,,,m5x4bbn3,,,,,0
55,jhmmnva4,,0,0,52,,,,0,,,0.0,55,,0.0,,treatment,,,,,,,,,,,,,,,,,,,m5x4bbn3,,,,,0
56,1cnjfu0m,,0,0,52,,,,0,,,0.0,56,,0.0,,treatment,,,,,,,,,,,,,,,,,,,m5x4bbn3,,,,,0
57,n6nfujj3,,0,0,52,,,,0,,,0.0,57,,0.0,,control,,,,,,,,,,,,,,,,,,,m5x4bbn3,,,,,0
58,8yusy32b,,0,0,52,,,,0,,,0.0,58,,0.0,,treatment,,,,,,,,,,,,,,,,,,,m5x4bbn3,,,,,0
59,1d8xj21h,,0,0,52,,,,0,,,0.0,59,,0.0,,treatment,,,,,,,,,,,,,,,,,,,m5x4bbn3,,,,,0
60,3bqm5aqw,,0,0,52,,,,0,,,0.0,60,,0.0,,treatment,,,,,,,,,,,,,,,,,,,m5x4bbn3,,,,,0
61,8486dzvz,,0,0,52,,,,0,,,0.0,61,,0.0,,control,,,,,,,,,,,,,,,,,,,m5x4bbn3,,,,,0
62,h1a3dn0s,,0,0,52,,,,0,,,0.0,62,,0.0,,treatment,,,,,,,,,,,,,,,,,,,m5x4bbn3,,,,,0
63,on9llogi,,0,0,52,,,,0,,,0.0,63,,0.0,,treatment,,,,,,,,,,,,,,,,,,,m5x4bbn3,,,,,0
64,lt6mdrnp,,0,0,52,,,,0,,,0.0,64,,0.0,,treatment,,,,,,,,,,,,,,,,,,,m5x4bbn3,,,,,0
65,2k4bhrpk,,0,0,52,,,,0,,,0.0,65,,0.0,,control,,,,,,,,,,,,,,,,,,,m5x4bbn3,,,,,0
66,jfug4r7f,,0,0,52,,,,0,,,0.0,66,,0.0,,treatment,,,,,,,,,,,,,,,,,,,m5x4bbn3,,,,,0
67,n16x8e5t,,0,0,52,,,,0,,,0.0,67,,0.0,,treatment,,,,,,,,,,,,,,,,,,,m5x4bbn3,,,,,0
68,osdgb38x,,0,0,52,,,,0,,,0.0,68,,0.0,,treatment,,,,,,,,,,,,,,,,,,,m5x4bbn3,,,,,0
69,2dd49ple,,0,0,52,,,,0,,,0.0,69,,0.0,,control,,,,,,,,,,,,,,,,,,,m5x4bbn3,,,,,0
70,48ack9bc,,0,0,52,,,,0,,,0.0,70,,0.0,,treatment,,,,,,,,,,,,,,,,,,,m5x4bbn3,,,,,0
71,drigjey6,,0,0,52,,,,0,,,0.0,71,,0.0,,treatment,,,,,,,,,,,,,,,,,,,m5x4bbn3,,,,,0
72,hznw6ycu,,0,0,52,,,,0,,,0.0,72,,0.0,,treatment,,,,,,,,,,,,,,,,,,,m5x4bbn3,,,,,0
73,2ailk8i3,,0,0,52,,,,0,,,0.0,73,,0.0,,control,,,,,,,,,,,,,,,,,,,m5x4bbn3,,,,,0
74,q8h5ow71,,0,0,52,,,,0,,,0.0,74,,0.0,,treatment,,,,,,,,,,,,,,,,,,,m5x4bbn3,,,,,0
75,baajhbgv,,0,0,52,,,,0,,,0.0,75,,0.0,,treatment,,,,,,,,,,,,,,,,,,,m5x4bbn3,,,,,0
76,ul9dmbj3,,0,0,52,,,,0,,,0.0,76,,0.0,,treatment,,,,,,,,,,,,,,,,,,,m5x4bbn3,,,,,0
77,w8d58a03,,0,0,52,,,,0,,,0.0,77,,0.0,,control,,,,,,,,,,,,,,,,,,,m5x4bbn3,,,,,0
78,rkkrywh1,,0,0,52,,,,0,,,0.0,78,,0.0,,treatment,,,,,,,,,,,,,,,,,,,m5x4bbn3,,,,,0
79,ruttle2v,,0,0,52,,,,0,,,0.0,79,,0.0,,treatment,,,,,,,,,,,,,,,,,,,m5x4bbn3,,,,,0
80,1wm1c5gs,,0,0,52,,,,0,,,0.0,80,,0.0,,treatment,,,,,,,,,,,,,,,,,,,m5x4bbn3,,,,,0
81,l31p44s0,,0,0,52,,,,0,,,0.0,81,,0.0,,control,,,,,,,,,,,,,,,,,,,m5x4bbn3,,,,,0
82,9ak70poz,,0,0,52,,,,0,,,0.0,82,,0.0,,treatment,,,,,,,,,,,,,,,,,,,m5x4bbn3,,,,,0
83,nwp5iu73,,0,0,52,,,,0,,,0.0,83,,0.0,,treatment,,,,,,,,,,,,,,,,,,,m5x4bbn3,,,,,0
84,avu4wsqv,,0,0,52,,,,0,,,0.0,84,,0.0,,treatment,,,,,,,,,,,,,,,,,,,m5x4bbn3,,,,,0
85,pcks59i8,,0,0,52,,,,0,,,0.0,85,,0.0,,control,,,,,,,,,,,,,,,,,,,m5x4bbn3,,,,,0
86,qvqsl2ve,,0,0,52,,,,0,,,0.0,86,,0.0,,treatment,,,,,,,,,,,,,,,,,,,m5x4bbn3,,,,,0
87,q8ne6vct,,0,0,52,,,,0,,,0.0,87,,0.0,,treatment,,,,,,,,,,,,,,,,,,,m5x4bbn3,,,,,0
88,89zd75ml,,0,0,52,,,,0,,,0.0,88,,0.0,,treatment,,,,,,,,,,,,,,,,,,,m5x4bbn3,,,,,0
89,7zsybp9b,,0,0,52,,,,0,,,0.0,89,,0.0,,control,,,,,,,,,,,,,,,,,,,m5x4bbn3,,,,,0
90,xx52u6sc,,0,0,52,,,,0,,,0.0,90,,0.0,,treatment,,,,,,,,,,,,,,,,,,,m5x4bbn3,,,,,0
91,buu8kdih,,0,0,52,,,,0,,,0.0,91,,0.0,,treatment,,,,,,,,,,,,,,,,,,,m5x4bbn3,,,,,0
92,ik1zkw0p,,0,0,52,,,,0,,,0.0,92,,0.0,,treatment,,,,,,,,,,,,,,,,,,,m5x4bbn3,,,,,0
93,hkwjxgzb,,0,0,52,,,,0,,,0.0,93,,0.0,,control,,,,,,,,,,,,,,,,,,,m5x4bbn3,,,,,0
94,y1257nbi,,0,0,52,,,,0,,,0.0,94,,0.0,,treatment,,,,,,,,,,,,,,,,,,,m5x4bbn3,,,,,0
95,nj35jvq8,,0,0,52,,,,0,,,0.0,95,,0.0,,treatment,,,,,,,,,,,,,,,,,,,m5x4bbn3,,,,,0
96,ibzaj4wr,,0,0,52,,,,0,,,0.0,96,,0.0,,treatment,,,,,,,,,,,,,,,,,,,m5x4bbn3,,,,,0
97,zbod0ytc,,0,0,52,,,,0,,,0.0,97,,0.0,,control,,,,,,,,,,,,,,,,,,,m5x4bbn3,,,,,0
98,1h62niz1,,0,0,52,,,,0,,,0.0,98,,0.0,,treatment,,,,,,,,,,,,,,,,,,,m5x4bbn3,,,,,0
99,86mkxrj5,,0,0,52,,,,0,,,0.0,99,,0.0,,treatment,,,,,,,,,,,,,,,,,,,m5x4bbn3,,,,,0
100,yijuv5tx,,0,0,52,,,,0,,,0.0,100,,0.0,,treatment,,,,,,,,,,,,,,,,,,,m5x4bbn3,,,,,0
1,i3hwzzrq,,0,2,4,intro,Instructions,2026-01-15 17:50:04.361487,1,,,0.0,1,,0.0,1,control,Edge,143.0.0,Mac OS X,10.15.7,Mac,0,0,0,1,,,,,,,,,,qmul4ghe,,,,,1
1,rq5e59hm,,0,2,52,intro,Instructions,2026-01-16 09:47:08.415643,1,,,0.0,1,,0.0,1,control,Chrome,143.0.0,Mac OS X,10.15.7,Mac,0,0,0,1,,,,,,,,,,603ru2b6,,,,,1
1,alxebyg8,,0,0,52,,,,0,,,0.0,1,,0.0,,control,,,,,,,,,,,,,,,,,,,kn9b7bny,,,,,1
1,gvy8ij96,5e5a96f5a2f2c528edf70f6e,0,52,52,post_exp,FinalForProlific,2026-01-16 18:51:50.746845,1,,,116.81,1,,0.0,1,control,Chrome,143.0.0,Mac OS X,10.15.7,Mac,0,0,0,1,third_option,1,,,,,,,4,f59wr1o5,,,,,0
2,wd9u8ggd,5c60501d767686000100150c,0,2,52,intro,Instructions,2026-01-16 18:51:51.324920,1,,,0.0,2,,0.0,1,treatment,Chrome,143.0.0,Windows,10,Other,0,0,0,1,,,,,,,,,,f59wr1o5,,,,,0
3,vpvxw7lp,5f4380bb7ca9ca5ca407fc04,0,3,52,intro,comprehensionQuestions,2026-01-16 18:53:03.679107,1,,,0.0,3,,0.0,1,treatment,Chrome,141.0.0,Mac OS X,10.15.7,Mac,0,0,0,1,,,,,,,,,,f59wr1o5,,,,,0
4,hsiyp0mp,613f0ce7ced87b6731521401,0,6,52,main,Trade,2026-01-16 18:53:07.504789,1,,,0.0,4,,0.0,1,treatment,Firefox,115.0,Mac OS X,10.14,Mac,0,0,0,1,third_option,1,,,,,,,1,f59wr1o5,,,,,0
5,2fllsvx6,6928a52eb70700f096aea6f3,0,52,52,post_exp,FinalForProlific,2026-01-16 18:53:13.849510,1,,,117.1,5,,0.0,1,control,Chrome Mobile,138.0.0,Android,10,K,0,1,0,0,third_option,1,,,,,,,9,f59wr1o5,,,,,0
6,q8d1h0qe,695bce3ec5772551dc8f7fd8,0,52,52,post_exp,FinalForProlific,2026-01-16 18:53:20.030259,1,,,107.35,6,,0.0,1,treatment,Edge,143.0.0,Windows,10,Other,0,0,0,1,third_option,1,,,,,,,7,f59wr1o5,,,,,0
7,vqhyvzfz,5f627ea43a49581b4438a944,0,52,52,post_exp,FinalForProlific,2026-01-16 18:54:39.677385,1,,,109.88,7,,0.0,1,treatment,Chrome Mobile,143.0.0,Android,10,K,0,1,0,0,third_option,1,,,,,,,7,f59wr1o5,,,,,0
8,2gtnau8a,63cd461c5f597e27b2a054fb,0,52,52,post_exp,FinalForProlific,2026-01-16 18:54:58.198376,1,,,112.13,8,,0.0,1,treatment,Chrome,144.0.0,Windows,10,Other,0,0,0,1,third_option,1,,,,,,,7,f59wr1o5,,,,,0
9,bym101bb,6942f2b4e51cd5b64c118b60,0,3,52,intro,comprehensionQuestions,2026-01-16 18:55:11.255089,1,,,0.0,9,,0.0,1,control,Chrome,143.0.0,Windows,10,Other,0,0,0,1,,,,,,,,,,f59wr1o5,,,,,0
10,qg7a9k42,6781163e42dd9b1176a29412,0,52,52,post_exp,FinalForProlific,2026-01-16 18:55:35.024205,1,,,107.43,10,,0.0,1,treatment,Edge Mobile,143.0.0,Android,10,K,0,1,0,0,third_option,1,,,,,,,5,f59wr1o5,,,,,0
11,oog8gvlz,627be8df969ba21063c8a31f,0,49,52,post_exp,Demographics,2026-01-16 18:56:07.244958,1,,,1232.65,11,,0.0,1,treatment,Mobile Safari,26.1,iOS,18.7,iPhone,0,1,0,0,third_option,1,,,,,,,6,f59wr1o5,,,,,0
12,2urppub6,,0,0,52,,,,0,,,0.0,12,,0.0,,treatment,,,,,,,,,,,,,,,,,,,f59wr1o5,,,,,0
13,hvfzx4nm,,0,0,52,,,,0,,,0.0,13,,0.0,,control,,,,,,,,,,,,,,,,,,,f59wr1o5,,,,,0
14,86o34qla,,0,0,52,,,,0,,,0.0,14,,0.0,,treatment,,,,,,,,,,,,,,,,,,,f59wr1o5,,,,,0
15,qcccc0ni,,0,0,52,,,,0,,,0.0,15,,0.0,,treatment,,,,,,,,,,,,,,,,,,,f59wr1o5,,,,,0
16,8j9mh434,,0,0,52,,,,0,,,0.0,16,,0.0,,treatment,,,,,,,,,,,,,,,,,,,f59wr1o5,,,,,0
17,jjf6gje6,,0,0,52,,,,0,,,0.0,17,,0.0,,control,,,,,,,,,,,,,,,,,,,f59wr1o5,,,,,0
18,9qr9x8qn,,0,0,52,,,,0,,,0.0,18,,0.0,,treatment,,,,,,,,,,,,,,,,,,,f59wr1o5,,,,,0
19,ocj47zvg,,0,0,52,,,,0,,,0.0,19,,0.0,,treatment,,,,,,,,,,,,,,,,,,,f59wr1o5,,,,,0
20,9i64hbad,,0,0,52,,,,0,,,0.0,20,,0.0,,treatment,,,,,,,,,,,,,,,,,,,f59wr1o5,,,,,0
21,hej0boe2,,0,0,52,,,,0,,,0.0,21,,0.0,,control,,,,,,,,,,,,,,,,,,,f59wr1o5,,,,,0
22,kcmyced6,,0,0,52,,,,0,,,0.0,22,,0.0,,treatment,,,,,,,,,,,,,,,,,,,f59wr1o5,,,,,0
23,3kkywk74,,0,0,52,,,,0,,,0.0,23,,0.0,,treatment,,,,,,,,,,,,,,,,,,,f59wr1o5,,,,,0
24,j6r8xosl,,0,0,52,,,,0,,,0.0,24,,0.0,,treatment,,,,,,,,,,,,,,,,,,,f59wr1o5,,,,,0
25,o3kamtqo,,0,0,52,,,,0,,,0.0,25,,0.0,,control,,,,,,,,,,,,,,,,,,,f59wr1o5,,,,,0
26,p94npy8w,,0,0,52,,,,0,,,0.0,26,,0.0,,treatment,,,,,,,,,,,,,,,,,,,f59wr1o5,,,,,0
27,xa67uxyy,,0,0,52,,,,0,,,0.0,27,,0.0,,treatment,,,,,,,,,,,,,,,,,,,f59wr1o5,,,,,0
28,75wt3tke,,0,0,52,,,,0,,,0.0,28,,0.0,,treatment,,,,,,,,,,,,,,,,,,,f59wr1o5,,,,,0
29,xmji8qp1,,0,0,52,,,,0,,,0.0,29,,0.0,,control,,,,,,,,,,,,,,,,,,,f59wr1o5,,,,,0
30,anevy7ns,,0,0,52,,,,0,,,0.0,30,,0.0,,treatment,,,,,,,,,,,,,,,,,,,f59wr1o5,,,,,0
31,gngpynt4,,0,0,52,,,,0,,,0.0,31,,0.0,,treatment,,,,,,,,,,,,,,,,,,,f59wr1o5,,,,,0
32,avwjjxvf,,0,0,52,,,,0,,,0.0,32,,0.0,,treatment,,,,,,,,,,,,,,,,,,,f59wr1o5,,,,,0
33,wxyxxypu,,0,0,52,,,,0,,,0.0,33,,0.0,,control,,,,,,,,,,,,,,,,,,,f59wr1o5,,,,,0
34,cpoxk29e,,0,0,52,,,,0,,,0.0,34,,0.0,,treatment,,,,,,,,,,,,,,,,,,,f59wr1o5,,,,,0
35,g36fmm5u,,0,0,52,,,,0,,,0.0,35,,0.0,,treatment,,,,,,,,,,,,,,,,,,,f59wr1o5,,,,,0
36,v29ih8sb,,0,0,52,,,,0,,,0.0,36,,0.0,,treatment,,,,,,,,,,,,,,,,,,,f59wr1o5,,,,,0
37,a19v8ocd,,0,0,52,,,,0,,,0.0,37,,0.0,,control,,,,,,,,,,,,,,,,,,,f59wr1o5,,,,,0
38,701gwkdk,,0,0,52,,,,0,,,0.0,38,,0.0,,treatment,,,,,,,,,,,,,,,,,,,f59wr1o5,,,,,0
39,pja000wl,,0,0,52,,,,0,,,0.0,39,,0.0,,treatment,,,,,,,,,,,,,,,,,,,f59wr1o5,,,,,0
40,qi5u1lcj,,0,0,52,,,,0,,,0.0,40,,0.0,,treatment,,,,,,,,,,,,,,,,,,,f59wr1o5,,,,,0
41,6atj1tes,,0,0,52,,,,0,,,0.0,41,,0.0,,control,,,,,,,,,,,,,,,,,,,f59wr1o5,,,,,0
42,dty7r31y,,0,0,52,,,,0,,,0.0,42,,0.0,,treatment,,,,,,,,,,,,,,,,,,,f59wr1o5,,,,,0
43,zb1hp6i3,,0,0,52,,,,0,,,0.0,43,,0.0,,treatment,,,,,,,,,,,,,,,,,,,f59wr1o5,,,,,0
44,u0q9wuk7,,0,0,52,,,,0,,,0.0,44,,0.0,,treatment,,,,,,,,,,,,,,,,,,,f59wr1o5,,,,,0
45,16grawxk,,0,0,52,,,,0,,,0.0,45,,0.0,,control,,,,,,,,,,,,,,,,,,,f59wr1o5,,,,,0
46,2xpa4miw,,0,0,52,,,,0,,,0.0,46,,0.0,,treatment,,,,,,,,,,,,,,,,,,,f59wr1o5,,,,,0
47,7avrv0x8,,0,0,52,,,,0,,,0.0,47,,0.0,,treatment,,,,,,,,,,,,,,,,,,,f59wr1o5,,,,,0
48,81fa209x,,0,0,52,,,,0,,,0.0,48,,0.0,,treatment,,,,,,,,,,,,,,,,,,,f59wr1o5,,,,,0
49,fwarlwb9,,0,0,52,,,,0,,,0.0,49,,0.0,,control,,,,,,,,,,,,,,,,,,,f59wr1o5,,,,,0
50,fpkna0r4,,0,0,52,,,,0,,,0.0,50,,0.0,,treatment,,,,,,,,,,,,,,,,,,,f59wr1o5,,,,,0
51,0r963acu,,0,0,52,,,,0,,,0.0,51,,0.0,,treatment,,,,,,,,,,,,,,,,,,,f59wr1o5,,,,,0
52,ej8ms66y,,0,0,52,,,,0,,,0.0,52,,0.0,,treatment,,,,,,,,,,,,,,,,,,,f59wr1o5,,,,,0
53,279i2dnu,,0,0,52,,,,0,,,0.0,53,,0.0,,control,,,,,,,,,,,,,,,,,,,f59wr1o5,,,,,0
54,6xxbizze,,0,0,52,,,,0,,,0.0,54,,0.0,,treatment,,,,,,,,,,,,,,,,,,,f59wr1o5,,,,,0
55,wxdys81c,,0,0,52,,,,0,,,0.0,55,,0.0,,treatment,,,,,,,,,,,,,,,,,,,f59wr1o5,,,,,0
56,f6j64zyd,,0,0,52,,,,0,,,0.0,56,,0.0,,treatment,,,,,,,,,,,,,,,,,,,f59wr1o5,,,,,0
57,2k37rshj,,0,0,52,,,,0,,,0.0,57,,0.0,,control,,,,,,,,,,,,,,,,,,,f59wr1o5,,,,,0
58,eemsyyvd,,0,0,52,,,,0,,,0.0,58,,0.0,,treatment,,,,,,,,,,,,,,,,,,,f59wr1o5,,,,,0
59,yk9jtwyn,,0,0,52,,,,0,,,0.0,59,,0.0,,treatment,,,,,,,,,,,,,,,,,,,f59wr1o5,,,,,0
60,lijc5wmw,,0,0,52,,,,0,,,0.0,60,,0.0,,treatment,,,,,,,,,,,,,,,,,,,f59wr1o5,,,,,0
61,l9iehqz9,,0,0,52,,,,0,,,0.0,61,,0.0,,control,,,,,,,,,,,,,,,,,,,f59wr1o5,,,,,0
62,gd5sx8o8,,0,0,52,,,,0,,,0.0,62,,0.0,,treatment,,,,,,,,,,,,,,,,,,,f59wr1o5,,,,,0
63,xbfa9tls,,0,0,52,,,,0,,,0.0,63,,0.0,,treatment,,,,,,,,,,,,,,,,,,,f59wr1o5,,,,,0
64,7q0s1ctr,,0,0,52,,,,0,,,0.0,64,,0.0,,treatment,,,,,,,,,,,,,,,,,,,f59wr1o5,,,,,0
65,dmgrfjat,,0,0,52,,,,0,,,0.0,65,,0.0,,control,,,,,,,,,,,,,,,,,,,f59wr1o5,,,,,0
66,8qo0cp6w,,0,0,52,,,,0,,,0.0,66,,0.0,,treatment,,,,,,,,,,,,,,,,,,,f59wr1o5,,,,,0
67,fq40u0yk,,0,0,52,,,,0,,,0.0,67,,0.0,,treatment,,,,,,,,,,,,,,,,,,,f59wr1o5,,,,,0
68,bdy75hkr,,0,0,52,,,,0,,,0.0,68,,0.0,,treatment,,,,,,,,,,,,,,,,,,,f59wr1o5,,,,,0
69,zyuu4d1u,,0,0,52,,,,0,,,0.0,69,,0.0,,control,,,,,,,,,,,,,,,,,,,f59wr1o5,,,,,0
70,c107c2k3,,0,0,52,,,,0,,,0.0,70,,0.0,,treatment,,,,,,,,,,,,,,,,,,,f59wr1o5,,,,,0
71,7a4q2tgn,,0,0,52,,,,0,,,0.0,71,,0.0,,treatment,,,,,,,,,,,,,,,,,,,f59wr1o5,,,,,0
72,7er91m05,,0,0,52,,,,0,,,0.0,72,,0.0,,treatment,,,,,,,,,,,,,,,,,,,f59wr1o5,,,,,0
73,dy04q7ox,,0,0,52,,,,0,,,0.0,73,,0.0,,control,,,,,,,,,,,,,,,,,,,f59wr1o5,,,,,0
74,15up1t4w,,0,0,52,,,,0,,,0.0,74,,0.0,,treatment,,,,,,,,,,,,,,,,,,,f59wr1o5,,,,,0
75,tz615fwl,,0,0,52,,,,0,,,0.0,75,,0.0,,treatment,,,,,,,,,,,,,,,,,,,f59wr1o5,,,,,0
76,sdht5qcz,,0,0,52,,,,0,,,0.0,76,,0.0,,treatment,,,,,,,,,,,,,,,,,,,f59wr1o5,,,,,0
77,470pkqd8,,0,0,52,,,,0,,,0.0,77,,0.0,,control,,,,,,,,,,,,,,,,,,,f59wr1o5,,,,,0
78,dgj6eaup,,0,0,52,,,,0,,,0.0,78,,0.0,,treatment,,,,,,,,,,,,,,,,,,,f59wr1o5,,,,,0
79,r6ry6sg2,,0,0,52,,,,0,,,0.0,79,,0.0,,treatment,,,,,,,,,,,,,,,,,,,f59wr1o5,,,,,0
80,rpuyoor7,,0,0,52,,,,0,,,0.0,80,,0.0,,treatment,,,,,,,,,,,,,,,,,,,f59wr1o5,,,,,0
81,oump7899,,0,0,52,,,,0,,,0.0,81,,0.0,,control,,,,,,,,,,,,,,,,,,,f59wr1o5,,,,,0
82,un4ih5t8,,0,0,52,,,,0,,,0.0,82,,0.0,,treatment,,,,,,,,,,,,,,,,,,,f59wr1o5,,,,,0
83,n34ezw0j,,0,0,52,,,,0,,,0.0,83,,0.0,,treatment,,,,,,,,,,,,,,,,,,,f59wr1o5,,,,,0
84,jl69jbo1,,0,0,52,,,,0,,,0.0,84,,0.0,,treatment,,,,,,,,,,,,,,,,,,,f59wr1o5,,,,,0
85,5hcmv3kz,,0,0,52,,,,0,,,0.0,85,,0.0,,control,,,,,,,,,,,,,,,,,,,f59wr1o5,,,,,0
86,akupdrze,,0,0,52,,,,0,,,0.0,86,,0.0,,treatment,,,,,,,,,,,,,,,,,,,f59wr1o5,,,,,0
87,ptw2zbjw,,0,0,52,,,,0,,,0.0,87,,0.0,,treatment,,,,,,,,,,,,,,,,,,,f59wr1o5,,,,,0
88,qoi3cqe4,,0,0,52,,,,0,,,0.0,88,,0.0,,treatment,,,,,,,,,,,,,,,,,,,f59wr1o5,,,,,0
89,27rihizf,,0,0,52,,,,0,,,0.0,89,,0.0,,control,,,,,,,,,,,,,,,,,,,f59wr1o5,,,,,0
90,qujcr2jz,,0,0,52,,,,0,,,0.0,90,,0.0,,treatment,,,,,,,,,,,,,,,,,,,f59wr1o5,,,,,0
91,7ls7dwxq,,0,0,52,,,,0,,,0.0,91,,0.0,,treatment,,,,,,,,,,,,,,,,,,,f59wr1o5,,,,,0
92,c76ccxy3,,0,0,52,,,,0,,,0.0,92,,0.0,,treatment,,,,,,,,,,,,,,,,,,,f59wr1o5,,,,,0
93,orxtn54l,,0,0,52,,,,0,,,0.0,93,,0.0,,control,,,,,,,,,,,,,,,,,,,f59wr1o5,,,,,0
94,berujqif,,0,0,52,,,,0,,,0.0,94,,0.0,,treatment,,,,,,,,,,,,,,,,,,,f59wr1o5,,,,,0
95,kmr8tm22,,0,0,52,,,,0,,,0.0,95,,0.0,,treatment,,,,,,,,,,,,,,,,,,,f59wr1o5,,,,,0
96,dq4kwv4f,,0,0,52,,,,0,,,0.0,96,,0.0,,treatment,,,,,,,,,,,,,,,,,,,f59wr1o5,,,,,0
97,gbkd1j3z,,0,0,52,,,,0,,,0.0,97,,0.0,,control,,,,,,,,,,,,,,,,,,,f59wr1o5,,,,,0
98,qlvu4aoe,,0,0,52,,,,0,,,0.0,98,,0.0,,treatment,,,,,,,,,,,,,,,,,,,f59wr1o5,,,,,0
99,jekvoddd,,0,0,52,,,,0,,,0.0,99,,0.0,,treatment,,,,,,,,,,,,,,,,,,,f59wr1o5,,,,,0
100,sdw9ndb9,,0,0,52,,,,0,,,0.0,100,,0.0,,treatment,,,,,,,,,,,,,,,,,,,f59wr1o5,,,,,0
1,8vom6hlj,5f6f2da91b5cc64887afd65d,0,52,52,post_exp,FinalForProlific,2026-01-16 18:56:55.878126,1,,,112.96,1,,0.0,1,control,Chrome,143.0.0,Windows,10,Other,0,0,0,1,third_option,1,,,,,,,7,ccfpv55r,,,,,0
2,rf17qm84,58b20a24c352cc0001ed554b,0,52,52,post_exp,FinalForProlific,2026-01-16 18:57:02.749942,1,,,111.02,2,,0.0,1,treatment,Chrome,132.0.0,Mac OS X,10.15.7,Mac,0,0,0,1,third_option,1,,,,,,,8,ccfpv55r,,,,,0
3,g4dnuwu8,5de4eec72cf204481c6e5c1e,0,52,52,post_exp,FinalForProlific,2026-01-16 18:57:44.177549,1,,,111.53,3,,0.0,1,treatment,Firefox,147.0,Windows,10,Other,0,0,0,1,third_option,1,,,,,,,3,ccfpv55r,,,,,0
4,6yrprkow,63d79fcd741f9cfb2f87152f,0,52,52,post_exp,FinalForProlific,2026-01-16 18:57:47.488932,1,,,110.97,4,,0.0,1,treatment,Chrome,143.0.0,Mac OS X,10.15.7,Mac,0,0,0,1,third_option,1,,,,,,,3,ccfpv55r,,,,,0
5,gi2x49bp,58bef6fd31de840001e84ba0,0,52,52,post_exp,FinalForProlific,2026-01-16 18:57:50.116406,1,,,111.31,5,,0.0,1,control,Firefox,147.0,Windows,10,Other,0,0,0,1,third_option,1,,,,,,,1,ccfpv55r,,,,,0
6,qsesx6mq,5b5f23420085cb0001872849,0,52,52,post_exp,FinalForProlific,2026-01-16 18:57:53.769992,1,,,110.34,6,,0.0,1,treatment,Samsung Internet,29.0,Android,10,K,0,1,0,0,third_option,1,,,,,,,5,ccfpv55r,,,,,0
7,85in69se,5dede922ad51834919f11f91,0,52,52,post_exp,FinalForProlific,2026-01-16 18:57:54.068808,1,,,107.92,7,,0.0,1,treatment,Chrome,143.0.0,Chrome OS,14541.0.0,Other,0,0,0,1,third_option,1,,,,,,,5,ccfpv55r,,,,,0
8,5vtef022,6729818223860b3325538705,0,52,52,post_exp,FinalForProlific,2026-01-16 18:57:54.752247,1,,,110.1,8,,0.0,1,treatment,Chrome,143.0.0,Windows,10,Other,0,0,0,1,third_option,1,,,,,,,4,ccfpv55r,,,,,0
9,erlmn7m3,5a6d3a19e6cc4a0001b6c47a,0,52,52,post_exp,FinalForProlific,2026-01-16 18:58:14.504923,1,,,137.38,9,,0.0,1,control,Chrome,143.0.0,Windows,10,Other,0,0,0,1,third_option,1,,,,,,,8,ccfpv55r,,,,,0
10,lbduh73m,67ace31300abf1fb686b8ce1,0,52,52,post_exp,FinalForProlific,2026-01-16 18:59:39.071425,1,,,108.09,10,,0.0,1,treatment,Chrome,134.0.0,Windows,10,Other,0,0,0,1,third_option,1,,,,,,,8,ccfpv55r,,,,,0
11,3jitsh3a,66c0f464e0ff62798027b486,0,52,52,post_exp,FinalForProlific,2026-01-16 18:59:56.892442,1,,,123.59,11,,0.0,1,treatment,Chrome,138.0.0,Chrome OS,14541.0.0,Other,0,0,0,1,third_option,1,,,,,,,7,ccfpv55r,,,,,0
12,6rga2yo9,6089cbd9050f134be06a1d04,0,52,52,post_exp,FinalForProlific,2026-01-16 19:00:28.002350,1,,,118.34,12,,0.0,1,treatment,Chrome,143.0.0,Mac OS X,10.15.7,Mac,0,0,0,1,third_option,1,,,,,,,3,ccfpv55r,,,,,0
13,q6kdured,60d68186872b4738c7da0f8e,0,3,52,intro,comprehensionQuestions,2026-01-16 19:01:12.461401,1,,,0.0,13,,0.0,1,control,Mobile Safari,26.2,iOS,18.7,iPhone,0,1,0,0,,,,,,,,,,ccfpv55r,,,,,0
14,iplgepxg,59789a60bf453d00010a94c7,0,52,52,post_exp,FinalForProlific,2026-01-16 19:01:17.060676,1,,,112.68,14,,0.0,1,treatment,Chrome,142.0.0,Windows,10,Other,0,0,0,1,third_option,1,,,,,,,1,ccfpv55r,,,,,0
15,1agsa6sp,62fd42136d0fe24eccb23ec9,0,52,52,post_exp,FinalForProlific,2026-01-16 19:02:10.533394,1,,,108.56,15,,0.0,1,treatment,Chrome,143.0.0,Windows,10,Other,0,0,0,1,third_option,1,,,,,,,3,ccfpv55r,,,,,0
16,cjyydjw5,59fa3f3705d1d60001f149da,0,52,52,post_exp,FinalForProlific,2026-01-16 19:02:24.112824,1,,,105.13,16,,0.0,1,treatment,Firefox,147.0,Windows,10,Other,0,0,0,1,third_option,1,,,,,,,4,ccfpv55r,,,,,0
17,hovxiekg,665e680164927b18554b66ec,0,52,52,post_exp,FinalForProlific,2026-01-16 19:03:22.610324,1,,,125.49,17,,0.0,1,control,Chrome,143.0.0,Windows,10,Other,0,0,0,1,third_option,1,,,,,,,5,ccfpv55r,,,,,0
18,ig9j9sps,5e3ddcf95556b204cb143eab,0,52,52,post_exp,FinalForProlific,2026-01-16 19:05:59.213552,1,,,106.35,18,,0.0,1,treatment,Chrome,143.0.0,Windows,10,Other,0,0,0,1,third_option,1,,,,,,,5,ccfpv55r,,,,,0
19,49ts2f9q,67758b914f06b14a31669644,0,52,52,post_exp,FinalForProlific,2026-01-16 19:07:54.476987,1,,,109.85,19,,0.0,1,treatment,Chrome,143.0.0,Windows,10,Other,0,0,0,1,third_option,1,,,,,,,7,ccfpv55r,,,,,0
20,jh1qijlb,5d31dc6e42678e001a0bdedd,0,52,52,post_exp,FinalForProlific,2026-01-16 19:08:09.417655,1,,,130.57,20,,0.0,1,treatment,Chrome,143.0.0,Windows,10,Other,0,0,0,1,third_option,1,,,,,,,2,ccfpv55r,,,,,0
21,stoa9aci,5f7e0c5f582257095a86ff6e,0,52,52,post_exp,FinalForProlific,2026-01-16 19:10:39.131593,1,,,107.81,21,,0.0,1,control,Samsung Internet,29.0,Android,10,K,0,1,0,0,third_option,1,,,,,,,3,ccfpv55r,,,,,0
22,1jn10m5g,628fc75b2561940f60f57b37,0,52,52,post_exp,FinalForProlific,2026-01-16 19:12:12.778965,1,,,112.21,22,,0.0,1,treatment,Chrome,143.0.0,Mac OS X,10.15.7,Mac,0,0,0,1,third_option,1,,,,,,,6,ccfpv55r,,,,,0
23,kmw97u4u,60147f790be39349d775e4f2,0,3,52,intro,comprehensionQuestions,2026-01-16 19:28:05.070041,1,,,0.0,23,,0.0,1,treatment,Firefox,146.0,Windows,10,Other,0,0,0,1,,,,,,,,,,ccfpv55r,,,,,0
24,41qof3re,5c3377fb04f29e0001104681,0,52,52,post_exp,FinalForProlific,2026-01-16 19:28:11.988939,1,,,110.09,24,,0.0,1,treatment,Chrome,143.0.0,Windows,10,Other,0,0,0,1,third_option,1,,,,,,,7,ccfpv55r,,,,,0
25,xkan7okq,5cae5f9c48514600183d8fac,0,52,52,post_exp,FinalForProlific,2026-01-16 19:29:12.954055,1,,,111.87,25,,0.0,1,control,Chrome,143.0.0,Mac OS X,10.15.7,Mac,0,0,0,1,third_option,1,,,,,,,5,ccfpv55r,,,,,0
26,ppn7lo8q,672f488089b8f59064c010fc,0,52,52,post_exp,FinalForProlific,2026-01-16 19:35:11.539326,1,,,122.66,26,,0.0,1,treatment,Chrome,143.0.0,Windows,10,Other,0,0,0,1,third_option,1,,,,,,,6,ccfpv55r,,,,,0
27,292fcovg,583b397f54686200010f1d20,0,52,52,post_exp,FinalForProlific,2026-01-16 19:36:32.372858,1,,,112.96,27,,0.0,1,treatment,Chrome,143.0.0,Windows,10,Other,0,0,0,1,third_option,1,,,,,,,5,ccfpv55r,,,,,0
28,7vz5gdfs,67696d49d386c9789b03b1da,0,52,52,post_exp,FinalForProlific,2026-01-16 19:37:17.096569,1,,,119.14,28,,0.0,1,treatment,Chrome,103.0.0,Chrome OS,14816.131.0,Other,0,0,0,1,third_option,1,,,,,,,5,ccfpv55r,,,,,0
29,ei02xz5o,63b63938dbf229f3eb46d4a4,0,52,52,post_exp,FinalForProlific,2026-01-16 19:37:25.068887,1,,,122.53,29,,0.0,1,control,Chrome,143.0.0,Windows,10,Other,0,0,0,1,third_option,1,,,,,,,9,ccfpv55r,,,,,0
30,yo2xkhyv,667b4043a7f74c3ff540a60d,0,52,52,post_exp,FinalForProlific,2026-01-16 20:06:07.701131,1,,,116.02,30,,0.0,1,treatment,Chrome,143.0.0,Windows,10,Other,0,0,0,1,third_option,1,,,,,,,7,ccfpv55r,,,,,0
31,nxfuctc0,6644b22e26557e73d19ff30d,0,49,52,post_exp,Demographics,2026-01-16 20:06:09.140688,1,,,1210.71,31,,0.0,1,treatment,Chrome Mobile,143.0.0,Android,10,K,0,1,0,0,third_option,1,,,,,,,3,ccfpv55r,,,,,0
32,5p3ytaba,69454156f525727871ec1f06,0,52,52,post_exp,FinalForProlific,2026-01-16 20:06:09.320685,1,,,108.82,32,,0.0,1,treatment,Chrome,143.0.0,Windows,10,Other,0,0,0,1,third_option,1,,,,,,,2,ccfpv55r,,,,,0
33,zq46w2bx,63d3f9a8fa6a2910dcb0d37f,0,6,52,main,Trade,2026-01-16 20:06:12.657765,1,,,0.0,33,,0.0,1,control,Chrome,138.0.0,Windows,10,Other,0,0,0,1,third_option,1,,,,,,,5,ccfpv55r,,,,,0
34,75vaxw47,65e615620fd6a1c087dafc48,0,49,52,post_exp,Demographics,2026-01-16 20:06:22.500933,1,,,1309.41,34,,0.0,1,treatment,Chrome Mobile,143.0.0,Android,10,K,0,1,0,0,third_option,1,,,,,,,5,ccfpv55r,,,,,0
35,3tevhkt2,6676cd0f8a13e195265eb74d,0,49,52,post_exp,Demographics,2026-01-16 20:06:26.965834,1,,,1197.23,35,,0.0,1,treatment,Mobile Safari,18.5,iOS,18.5,iPhone,0,1,0,0,third_option,1,,,,,,,8,ccfpv55r,,,,,0
36,fa3sjpox,59b5a275c05bb50001eb3c4b,0,52,52,post_exp,FinalForProlific,2026-01-16 20:07:01.144169,1,,,117.78,36,,0.0,1,treatment,Chrome,142.0.0,Chrome OS,14541.0.0,Other,0,0,0,1,third_option,1,,,,,,,2,ccfpv55r,,,,,0
37,3r2w1j4d,66d8e14e71c04a7d23ff43c9,0,52,52,post_exp,FinalForProlific,2026-01-16 20:07:24.054125,1,,,132.45,37,,0.0,1,control,Chrome,128.0.0,Mac OS X,10.15.7,Mac,0,0,0,1,third_option,1,,,,,,,5,ccfpv55r,,,,,0
38,dobgeohc,5f16f559325a640008bb9a07,0,52,52,post_exp,FinalForProlific,2026-01-16 20:07:34.323179,1,,,111.4,38,,0.0,1,treatment,Chrome,94.0.4606,Windows,10,Other,0,0,0,1,third_option,1,,,,,,,5,ccfpv55r,,,,,0
39,6xan1k81,63d50bed33ba8cb1b9794938,0,52,52,post_exp,FinalForProlific,2026-01-16 20:07:47.597376,1,,,111.09,39,,0.0,1,treatment,Chrome,143.0.0,Windows,10,Other,0,0,0,1,third_option,1,,,,,,,5,ccfpv55r,,,,,0
40,iy4grn7w,5c93fa19104ec70017bfa894,0,52,52,post_exp,FinalForProlific,2026-01-16 20:23:27.545438,1,,,109.43,40,,0.0,1,treatment,Chrome Mobile,143.0.0,Android,10,K,0,1,0,0,third_option,1,,,,,,,2,ccfpv55r,,,,,0
41,tdppbwrw,673ead8d8389b11c02a060e9,0,52,52,post_exp,FinalForProlific,2026-01-16 20:40:35.107925,1,,,127.01,41,,0.0,1,control,Chrome,143.0.0,Mac OS X,10.15.7,Mac,0,0,0,1,third_option,1,,,,,,,6,ccfpv55r,,,,,0
42,ltl64yye,6704539fe462b87182866f14,0,52,52,post_exp,FinalForProlific,2026-01-16 20:44:15.707963,1,,,113.8,42,,0.0,1,treatment,Chrome,143.0.0,Mac OS X,10.15.7,Mac,0,0,0,1,third_option,1,,,,,,,6,ccfpv55r,,,,,0
43,gqj3h4hr,5d453e8723a5bb0001492546,0,52,52,post_exp,FinalForProlific,2026-01-16 20:57:18.589564,1,,,104.61,43,,0.0,1,treatment,Firefox,147.0,Linux,,Other,0,0,0,1,third_option,1,,,,,,,4,ccfpv55r,,,,,0
44,58us0d5p,5e73746e686c0c2c978392e1,0,52,52,post_exp,FinalForProlific,2026-01-16 21:04:24.735482,1,,,105.77,44,,0.0,1,treatment,Firefox,115.0,Windows,8.1,Other,0,0,0,1,third_option,1,,,,,,,8,ccfpv55r,,,,,0
45,agbf66s6,695fdb8cdf7e2341d1abb7ce,0,3,52,intro,comprehensionQuestions,2026-01-16 21:15:41.170219,1,,,0.0,45,,0.0,1,control,Chrome,143.0.0,Windows,10,Other,0,0,0,1,,,,,,,,,,ccfpv55r,,,,,0
46,z2ry4qma,6401000aab3cfc2606de05d1,0,52,52,post_exp,FinalForProlific,2026-01-16 21:17:05.862572,1,,,108.69,46,,0.0,1,treatment,Chrome,143.0.0,Windows,10,Other,0,0,0,1,third_option,1,,,,,,,4,ccfpv55r,,,,,0
47,nezc7a5t,652d8a4cd08c6435db58fd9b,0,52,52,post_exp,FinalForProlific,2026-01-16 23:01:18.076404,1,,,115.51,47,,0.0,1,treatment,Chrome,143.0.0,Mac OS X,10.15.7,Mac,0,0,0,1,third_option,1,,,,,,,4,ccfpv55r,,,,,0
48,y9c3nkdw,,0,0,52,,,,0,,,0.0,48,,0.0,,treatment,,,,,,,,,,,,,,,,,,,ccfpv55r,,,,,0
49,55dc5bi9,,0,0,52,,,,0,,,0.0,49,,0.0,,control,,,,,,,,,,,,,,,,,,,ccfpv55r,,,,,0
50,bzah1wpq,,0,0,52,,,,0,,,0.0,50,,0.0,,treatment,,,,,,,,,,,,,,,,,,,ccfpv55r,,,,,0
51,kixuuapy,,0,0,52,,,,0,,,0.0,51,,0.0,,treatment,,,,,,,,,,,,,,,,,,,ccfpv55r,,,,,0
52,w9n56xi2,,0,0,52,,,,0,,,0.0,52,,0.0,,treatment,,,,,,,,,,,,,,,,,,,ccfpv55r,,,,,0
53,h3bsjb1p,,0,0,52,,,,0,,,0.0,53,,0.0,,control,,,,,,,,,,,,,,,,,,,ccfpv55r,,,,,0
54,7cn4y7wl,,0,0,52,,,,0,,,0.0,54,,0.0,,treatment,,,,,,,,,,,,,,,,,,,ccfpv55r,,,,,0
55,kfbxpjrr,,0,0,52,,,,0,,,0.0,55,,0.0,,treatment,,,,,,,,,,,,,,,,,,,ccfpv55r,,,,,0
56,qe7g8b1c,,0,0,52,,,,0,,,0.0,56,,0.0,,treatment,,,,,,,,,,,,,,,,,,,ccfpv55r,,,,,0
57,3xi5zk4w,,0,0,52,,,,0,,,0.0,57,,0.0,,control,,,,,,,,,,,,,,,,,,,ccfpv55r,,,,,0
58,k5n4xmn1,,0,0,52,,,,0,,,0.0,58,,0.0,,treatment,,,,,,,,,,,,,,,,,,,ccfpv55r,,,,,0
59,i1e82wlp,,0,0,52,,,,0,,,0.0,59,,0.0,,treatment,,,,,,,,,,,,,,,,,,,ccfpv55r,,,,,0
60,gylu9i1u,,0,0,52,,,,0,,,0.0,60,,0.0,,treatment,,,,,,,,,,,,,,,,,,,ccfpv55r,,,,,0
61,9asqqij0,,0,0,52,,,,0,,,0.0,61,,0.0,,control,,,,,,,,,,,,,,,,,,,ccfpv55r,,,,,0
62,0j6hsrkf,,0,0,52,,,,0,,,0.0,62,,0.0,,treatment,,,,,,,,,,,,,,,,,,,ccfpv55r,,,,,0
63,8sdvuge1,,0,0,52,,,,0,,,0.0,63,,0.0,,treatment,,,,,,,,,,,,,,,,,,,ccfpv55r,,,,,0
64,6ymm9l4a,,0,0,52,,,,0,,,0.0,64,,0.0,,treatment,,,,,,,,,,,,,,,,,,,ccfpv55r,,,,,0
65,o55yxs76,,0,0,52,,,,0,,,0.0,65,,0.0,,control,,,,,,,,,,,,,,,,,,,ccfpv55r,,,,,0
66,a48cfuk0,,0,0,52,,,,0,,,0.0,66,,0.0,,treatment,,,,,,,,,,,,,,,,,,,ccfpv55r,,,,,0
67,l98rqdil,,0,0,52,,,,0,,,0.0,67,,0.0,,treatment,,,,,,,,,,,,,,,,,,,ccfpv55r,,,,,0
68,kbdtb615,,0,0,52,,,,0,,,0.0,68,,0.0,,treatment,,,,,,,,,,,,,,,,,,,ccfpv55r,,,,,0
69,zhbkofjc,,0,0,52,,,,0,,,0.0,69,,0.0,,control,,,,,,,,,,,,,,,,,,,ccfpv55r,,,,,0
70,ei23pov6,,0,0,52,,,,0,,,0.0,70,,0.0,,treatment,,,,,,,,,,,,,,,,,,,ccfpv55r,,,,,0
71,55u8dq2x,,0,0,52,,,,0,,,0.0,71,,0.0,,treatment,,,,,,,,,,,,,,,,,,,ccfpv55r,,,,,0
72,auw9fxsu,,0,0,52,,,,0,,,0.0,72,,0.0,,treatment,,,,,,,,,,,,,,,,,,,ccfpv55r,,,,,0
73,y0lb69oq,,0,0,52,,,,0,,,0.0,73,,0.0,,control,,,,,,,,,,,,,,,,,,,ccfpv55r,,,,,0
74,5kjeuxvx,,0,0,52,,,,0,,,0.0,74,,0.0,,treatment,,,,,,,,,,,,,,,,,,,ccfpv55r,,,,,0
75,ief1oy52,,0,0,52,,,,0,,,0.0,75,,0.0,,treatment,,,,,,,,,,,,,,,,,,,ccfpv55r,,,,,0
76,fsz2mgus,,0,0,52,,,,0,,,0.0,76,,0.0,,treatment,,,,,,,,,,,,,,,,,,,ccfpv55r,,,,,0
77,z8zpn5lr,,0,0,52,,,,0,,,0.0,77,,0.0,,control,,,,,,,,,,,,,,,,,,,ccfpv55r,,,,,0
78,oy80h2r6,,0,0,52,,,,0,,,0.0,78,,0.0,,treatment,,,,,,,,,,,,,,,,,,,ccfpv55r,,,,,0
79,hq8uhzcf,,0,0,52,,,,0,,,0.0,79,,0.0,,treatment,,,,,,,,,,,,,,,,,,,ccfpv55r,,,,,0
80,pgjd4iem,,0,0,52,,,,0,,,0.0,80,,0.0,,treatment,,,,,,,,,,,,,,,,,,,ccfpv55r,,,,,0
81,bvswi3pb,,0,0,52,,,,0,,,0.0,81,,0.0,,control,,,,,,,,,,,,,,,,,,,ccfpv55r,,,,,0
82,qdsazmed,,0,0,52,,,,0,,,0.0,82,,0.0,,treatment,,,,,,,,,,,,,,,,,,,ccfpv55r,,,,,0
83,294papss,,0,0,52,,,,0,,,0.0,83,,0.0,,treatment,,,,,,,,,,,,,,,,,,,ccfpv55r,,,,,0
84,tp7b1o13,,0,0,52,,,,0,,,0.0,84,,0.0,,treatment,,,,,,,,,,,,,,,,,,,ccfpv55r,,,,,0
85,uguzz28z,,0,0,52,,,,0,,,0.0,85,,0.0,,control,,,,,,,,,,,,,,,,,,,ccfpv55r,,,,,0
86,6e32m64l,,0,0,52,,,,0,,,0.0,86,,0.0,,treatment,,,,,,,,,,,,,,,,,,,ccfpv55r,,,,,0
87,kqqzg1ck,,0,0,52,,,,0,,,0.0,87,,0.0,,treatment,,,,,,,,,,,,,,,,,,,ccfpv55r,,,,,0
88,j1w7jvqp,,0,0,52,,,,0,,,0.0,88,,0.0,,treatment,,,,,,,,,,,,,,,,,,,ccfpv55r,,,,,0
89,kpgt33kx,,0,0,52,,,,0,,,0.0,89,,0.0,,control,,,,,,,,,,,,,,,,,,,ccfpv55r,,,,,0
90,9s0dsgax,,0,0,52,,,,0,,,0.0,90,,0.0,,treatment,,,,,,,,,,,,,,,,,,,ccfpv55r,,,,,0
91,ee7ynkwq,,0,0,52,,,,0,,,0.0,91,,0.0,,treatment,,,,,,,,,,,,,,,,,,,ccfpv55r,,,,,0
92,ozsqsf2k,,0,0,52,,,,0,,,0.0,92,,0.0,,treatment,,,,,,,,,,,,,,,,,,,ccfpv55r,,,,,0
93,x0nwzvez,,0,0,52,,,,0,,,0.0,93,,0.0,,control,,,,,,,,,,,,,,,,,,,ccfpv55r,,,,,0
94,c7xoziqp,,0,0,52,,,,0,,,0.0,94,,0.0,,treatment,,,,,,,,,,,,,,,,,,,ccfpv55r,,,,,0
95,bzworl0f,,0,0,52,,,,0,,,0.0,95,,0.0,,treatment,,,,,,,,,,,,,,,,,,,ccfpv55r,,,,,0
96,pma88n4r,,0,0,52,,,,0,,,0.0,96,,0.0,,treatment,,,,,,,,,,,,,,,,,,,ccfpv55r,,,,,0
97,txctkf2x,,0,0,52,,,,0,,,0.0,97,,0.0,,control,,,,,,,,,,,,,,,,,,,ccfpv55r,,,,,0
98,eud2mzf8,,0,0,52,,,,0,,,0.0,98,,0.0,,treatment,,,,,,,,,,,,,,,,,,,ccfpv55r,,,,,0
99,vz7aqwrq,,0,0,52,,,,0,,,0.0,99,,0.0,,treatment,,,,,,,,,,,,,,,,,,,ccfpv55r,,,,,0
100,vgxadmim,,0,0,52,,,,0,,,0.0,100,,0.0,,treatment,,,,,,,,,,,,,,,,,,,ccfpv55r,,,,,0
1,51nuu04x,,0,0,52,,,,0,,,0.0,1,,0.0,,control,,,,,,,,,,,,,,,,,,,keh1b15y,,,,,1
1,1mifdek6,,0,3,4,intro,comprehensionQuestions,2026-01-16 23:49:25.197297,1,,,0.0,1,,0.0,1,control,Edge,143.0.0,Mac OS X,10.15.7,Mac,0,0,0,1,,,,,,,,,,hviity0p,,,,,1
1,qw2yek27,,0,2,4,intro,Instructions,2026-01-16 23:55:36.537167,1,,,0.0,1,,0.0,1,control,Edge,143.0.0,Mac OS X,10.15.7,Mac,0,0,0,1,,,,,,,,,,ihfaoepw,,,,,1
1,7e26wjic,,0,7,52,main,RoundFeedback,2026-01-17 21:08:42.326674,1,,,0.0,1,,0.0,1,control,Mobile Safari,26.1,iOS,18.7,iPhone,0,1,0,0,third_option,1,,,,,,,6,7e0nphkq,,,,,1
1,0zkzl65f,64df6c0375d740bb235620f5,0,52,52,post_exp,FinalForProlific,2026-01-17 21:20:10.774463,1,,,140.11,1,,0.0,1,control,Chrome,143.0.0,Windows,10,Other,0,0,0,1,third_option,1,,,,,,,3,151ug4w3,,,,,0
2,nx9hs1ng,677fea8903ad496f30f16502,0,52,52,post_exp,FinalForProlific,2026-01-17 21:20:12.375324,1,,,110.35,2,,0.0,1,treatment,Chrome,143.0.0,Windows,10,Other,0,0,0,1,third_option,1,,,,,,,6,151ug4w3,,,,,0
3,i3c60565,6962c417f20b621d95bd694d,0,52,52,post_exp,FinalForProlific,2026-01-17 21:20:30.391188,1,,,113.86,3,,0.0,1,treatment,Edge,143.0.0,Windows,10,Other,0,0,0,1,third_option,1,,,,,,,5,151ug4w3,,,,,0
4,k7sp0ynm,67665f7b0329bd3e30515ad2,0,52,52,post_exp,FinalForProlific,2026-01-17 21:20:50.689404,1,,,102.31,4,,0.0,1,treatment,Chrome Mobile,138.0.0,Android,10,K,0,1,0,0,third_option,1,,,,,,,4,151ug4w3,,,,,0
5,9uyng4mr,694b06297a22368d5c7995eb,0,3,52,intro,comprehensionQuestions,2026-01-17 21:21:38.592461,1,,,0.0,5,,0.0,1,control,Chrome,143.0.0,Windows,10,Other,0,0,0,1,,,,,,,,,,151ug4w3,,,,,0
6,6bbjn8v1,5e459f61418f610891628564,0,52,52,post_exp,FinalForProlific,2026-01-17 21:22:23.663747,1,,,103.85,6,,0.0,1,treatment,Chrome Mobile,143.0.0,Android,10,K,0,1,0,0,third_option,1,,,,,,,5,151ug4w3,,,,,0
7,gl7u8nio,62b2080f8f89f2f15c47d9ba,0,52,52,post_exp,FinalForProlific,2026-01-17 21:22:24.603886,1,,,118.89,7,,0.0,1,treatment,Chrome,143.0.0,Mac OS X,10.15.7,Mac,0,0,0,1,third_option,1,,,,,,,6,151ug4w3,,,,,0
8,difxszml,5d1ec3b72e9ac3001ab525ef,0,49,52,post_exp,Demographics,2026-01-17 21:22:33.376663,1,,,1190.64,8,,0.0,1,treatment,Mobile Safari,16.1,iOS,16.1,iPhone,0,1,0,0,third_option,1,,,,,,,8,151ug4w3,,,,,0
9,hlqkfw8x,67e7cfd17a7062da8a273fbf,0,52,52,post_exp,FinalForProlific,2026-01-17 21:23:02.043408,1,,,115.94,9,,0.0,1,control,Mobile Safari,26.2,iOS,18.7,iPhone,0,1,0,0,third_option,1,,,,,,,5,151ug4w3,,,,,0
10,miej8bbr,67730320948951ecb761b3f2,0,52,52,post_exp,FinalForProlific,2026-01-17 21:23:16.323182,1,,,104.87,10,,0.0,1,treatment,Chrome,143.0.0,Windows,10,Other,0,0,0,1,third_option,1,,,,,,,6,151ug4w3,,,,,0
11,i76mujh9,5b99663d4cefb60001e7a214,0,49,52,post_exp,Demographics,2026-01-17 21:24:20.177255,1,,,1203.53,11,,0.0,1,treatment,Chrome Mobile,143.0.0,Android,10,K,0,1,0,0,third_option,1,,,,,,,7,151ug4w3,,,,,0
12,rnucedhy,5a9fa90f873cda00010d29d8,0,52,52,post_exp,FinalForProlific,2026-01-17 21:24:40.341139,1,,,110.42,12,,0.0,1,treatment,Chrome,143.0.0,Windows,10,Other,0,0,0,1,third_option,1,,,,,,,9,151ug4w3,,,,,0
13,0agbbz6t,64e6b4025cbe79c020343121,0,52,52,post_exp,FinalForProlific,2026-01-17 21:25:07.530984,1,,,107.83,13,,0.0,1,control,Chrome,143.0.0,Windows,10,Other,0,0,0,1,third_option,1,,,,,,,9,151ug4w3,,,,,0
14,vyd28ofr,66e74ca113f609cd2a13df59,0,52,52,post_exp,FinalForProlific,2026-01-17 21:25:37.276893,1,,,126.77,14,,0.0,1,treatment,Mobile Safari,18.6,iOS,18.6.2,iPhone,0,1,0,0,third_option,1,,,,,,,5,151ug4w3,,,,,0
15,p639azxy,6965b338f069222c10b2bdc9,0,52,52,post_exp,FinalForProlific,2026-01-17 21:26:31.341396,1,,,118.08,15,,0.0,1,treatment,Chrome Mobile,143.0.0,Android,10,K,0,1,0,0,third_option,1,,,,,,,6,151ug4w3,,,,,0
16,sw8lem34,677346f91e35f1cb1e647c34,0,49,52,post_exp,Demographics,2026-01-17 21:26:45.318628,1,,,1199.47,16,,0.0,1,treatment,Mobile Safari,18.6,iOS,18.6.2,iPhone,0,1,0,0,third_option,1,,,,,,,5,151ug4w3,,,,,0
17,3v5sipps,695bd4f6bbdb5a636882ce78,0,52,52,post_exp,FinalForProlific,2026-01-17 21:26:53.633718,1,,,118.89,17,,0.0,1,control,Chrome,142.0.0,Mac OS X,10.15.7,Mac,0,0,0,1,third_option,1,,,,,,,3,151ug4w3,,,,,0
18,945bhkjk,62d43cee3d60ac98c1dcacc8,0,6,52,main,Trade,2026-01-17 21:28:14.749049,1,,,0.0,18,,0.0,1,treatment,Chrome,144.0.0,Windows,10,Other,0,0,0,1,third_option,1,,,,,,,5,151ug4w3,,,,,0
19,6xawj670,69419dd351c8c6866590c254,0,52,52,post_exp,FinalForProlific,2026-01-17 21:28:19.710613,1,,,104.78,19,,0.0,1,treatment,Chrome,144.0.0,Windows,10,Other,0,0,0,1,third_option,1,,,,,,,4,151ug4w3,,,,,0
20,cx4xx3np,61576d2fde97a7adb4b6a193,0,49,52,post_exp,Demographics,2026-01-17 21:28:27.073012,1,,,1213.01,20,,0.0,1,treatment,Mobile Safari,18.6,iOS,18.6.2,iPhone,0,1,0,0,third_option,1,,,,,,,7,151ug4w3,,,,,0
21,pj25gqo7,6296295f57c07906c9052955,0,3,52,intro,comprehensionQuestions,2026-01-17 21:29:29.686045,1,,,0.0,21,,0.0,1,control,Chrome,143.0.0,Windows,10,Other,0,0,0,1,,,,,,,,,,151ug4w3,,,,,0
22,gi3vvfez,676e6f5eb2e5690f74382e58,0,52,52,post_exp,FinalForProlific,2026-01-17 21:30:49.464898,1,,,114.35,22,,0.0,1,treatment,Chrome,142.0.0,Windows,10,Other,0,0,0,1,third_option,1,,,,,,,3,151ug4w3,,,,,0
23,ok70nkvo,6054e5f7c1931593649b158f,0,50,52,post_exp,Payoff,2026-01-17 21:32:39.685788,1,,,1228.29,23,,0.0,1,treatment,Mobile Safari,17.0,iOS,17.0,iPhone,0,1,0,0,third_option,1,,,,,,,4,151ug4w3,,,,,0
24,1li97jle,563f734bcbd4c60005dc9442,0,49,52,post_exp,Demographics,2026-01-17 21:34:31.158499,1,,,1302.85,24,,0.0,1,treatment,Mobile Safari,26.1,iOS,18.7,iPhone,0,1,0,0,third_option,1,,,,,,,7,151ug4w3,,,,,0
25,o6vl1s7u,66451cf935a985828f197f7e,0,3,52,intro,comprehensionQuestions,2026-01-17 21:34:57.184109,1,,,0.0,25,,0.0,1,control,Chrome,143.0.0,Windows,10,Other,0,0,0,1,,,,,,,,,,151ug4w3,,,,,0
26,8vxh54dk,672eda41e28ba46f845249df,0,52,52,post_exp,FinalForProlific,2026-01-17 21:37:19.026422,1,,,108.92,26,,0.0,1,treatment,Chrome,143.0.0,Windows,10,Other,0,0,0,1,third_option,1,,,,,,,8,151ug4w3,,,,,0
27,iwq8bj53,6272b9dfc470a51d5fa0e6ea,0,52,52,post_exp,FinalForProlific,2026-01-17 21:42:24.321475,1,,,114.56,27,,0.0,1,treatment,Chrome,144.0.0,Windows,10,Other,0,0,0,1,third_option,1,,,,,,,7,151ug4w3,,,,,0
28,5uy60pw0,5d6349209b22da000117b1bd,0,52,52,post_exp,FinalForProlific,2026-01-17 21:44:53.042884,1,,,109.31,28,,0.0,1,treatment,Chrome,143.0.0,Windows,10,Other,0,0,0,1,third_option,1,,,,,,,7,151ug4w3,,,,,0
29,r8rvnx27,60e769ec9858960e8ad00886,0,52,52,post_exp,FinalForProlific,2026-01-17 21:45:48.803289,1,,,114.24,29,,0.0,1,control,Chrome,132.0.0,Windows,10,Other,0,0,0,1,third_option,1,,,,,,,0,151ug4w3,,,,,0
30,9ioh8yjj,5a501c26eedc32000141f4f2,0,52,52,post_exp,FinalForProlific,2026-01-17 21:52:21.858087,1,,,110.45,30,,0.0,1,treatment,Chrome,143.0.0,Windows,10,Other,0,0,0,1,third_option,1,,,,,,,4,151ug4w3,,,,,0
31,joi0mcuh,69669328636e175b3d4155dc,0,52,52,post_exp,FinalForProlific,2026-01-17 21:52:45.868789,1,,,111.6,31,,0.0,1,treatment,Chrome,144.0.0,Mac OS X,10.15.7,Mac,0,0,0,1,third_option,1,,,,,,,8,151ug4w3,,,,,0
32,wy3dxq5x,67193faab4dac3bad64adb5d,0,1,52,intro,Consent,2026-01-17 21:55:34.097240,1,,,0.0,32,,0.0,,treatment,Chrome,103.0.0,Chrome OS,14816.131.0,Other,0,0,0,1,,,,,,,,,,151ug4w3,,,,,0
33,4tbjlhuv,598c4b28cceb0f0001b39675,0,52,52,post_exp,FinalForProlific,2026-01-17 21:57:26.669322,1,,,111.62,33,,0.0,1,control,Edge,109.0.1518,Windows,7,Other,0,0,0,1,third_option,1,,,,,,,7,151ug4w3,,,,,0
34,4pzjsb2b,67580f69a9a3cb759240904b,0,52,52,post_exp,FinalForProlific,2026-01-17 21:58:30.170718,1,,,106.49,34,,0.0,1,treatment,Chrome,143.0.0,Windows,10,Other,0,0,0,1,third_option,1,,,,,,,7,151ug4w3,,,,,0
35,fcwg96au,5848ad3bdb871400012da095,0,52,52,post_exp,FinalForProlific,2026-01-17 22:00:16.297158,1,,,108.19,35,,0.0,1,treatment,Chrome,143.0.0,Windows,10,Other,0,0,0,1,third_option,1,,,,,,,1,151ug4w3,,,,,0
36,0nd2ni04,,0,3,52,intro,comprehensionQuestions,2026-01-17 22:03:07.599784,1,,,0.0,36,,0.0,1,treatment,Chrome,143.0.0,Mac OS X,10.15.7,Mac,0,0,0,1,,,,,,,,,,151ug4w3,,,,,0
37,4d34f1nl,692f221e98e3cdcf10465812,0,52,52,post_exp,FinalForProlific,2026-01-17 22:07:34.984862,1,,,112.1,37,,0.0,1,control,Chrome,143.0.0,Mac OS X,10.15.7,Mac,0,0,0,1,third_option,1,,,,,,,7,151ug4w3,,,,,0
38,d8aqe2fa,650b03136ab3d4c832d98b71,0,52,52,post_exp,FinalForProlific,2026-01-17 22:08:13.439724,1,,,118.99,38,,0.0,1,treatment,Edge,143.0.0,Windows,10,Other,0,0,0,1,third_option,1,,,,,,,6,151ug4w3,,,,,0
39,35jj3mv4,666445e5b72745f04a4f57d6,0,52,52,post_exp,FinalForProlific,2026-01-17 22:10:39.908203,1,,,115.9,39,,0.0,1,treatment,Chrome,143.0.0,Chrome OS,14541.0.0,Other,0,0,0,1,third_option,1,,,,,,,6,151ug4w3,,,,,0
40,7czue3k2,5cad1eef8ed53d00180d2532,0,52,52,post_exp,FinalForProlific,2026-01-17 22:23:11.563870,1,,,110.19,40,,0.0,1,treatment,Chrome,143.0.0,Windows,10,Other,0,0,0,1,third_option,1,,,,,,,2,151ug4w3,,,,,0
41,74axpu3r,664287debe4750708ea0ecf7,0,52,52,post_exp,FinalForProlific,2026-01-17 22:50:25.759449,1,,,108.14,41,,0.0,1,control,Chrome,143.0.0,Windows,10,Other,0,0,0,1,third_option,1,,,,,,,4,151ug4w3,,,,,0
42,jfwekhv6,,0,0,52,,,,0,,,0.0,42,,0.0,,treatment,,,,,,,,,,,,,,,,,,,151ug4w3,,,,,0
43,vmcftmxw,,0,0,52,,,,0,,,0.0,43,,0.0,,treatment,,,,,,,,,,,,,,,,,,,151ug4w3,,,,,0
44,ohheo1x6,,0,0,52,,,,0,,,0.0,44,,0.0,,treatment,,,,,,,,,,,,,,,,,,,151ug4w3,,,,,0
45,voko5dzt,,0,0,52,,,,0,,,0.0,45,,0.0,,control,,,,,,,,,,,,,,,,,,,151ug4w3,,,,,0
46,s7l9bk4g,,0,0,52,,,,0,,,0.0,46,,0.0,,treatment,,,,,,,,,,,,,,,,,,,151ug4w3,,,,,0
47,fardzwal,,0,0,52,,,,0,,,0.0,47,,0.0,,treatment,,,,,,,,,,,,,,,,,,,151ug4w3,,,,,0
48,dn2me2u0,,0,0,52,,,,0,,,0.0,48,,0.0,,treatment,,,,,,,,,,,,,,,,,,,151ug4w3,,,,,0
49,yrw49jcv,,0,0,52,,,,0,,,0.0,49,,0.0,,control,,,,,,,,,,,,,,,,,,,151ug4w3,,,,,0
50,d9vh9gia,,0,0,52,,,,0,,,0.0,50,,0.0,,treatment,,,,,,,,,,,,,,,,,,,151ug4w3,,,,,0
51,ky8z3yee,,0,0,52,,,,0,,,0.0,51,,0.0,,treatment,,,,,,,,,,,,,,,,,,,151ug4w3,,,,,0
52,jfsbrmy2,,0,0,52,,,,0,,,0.0,52,,0.0,,treatment,,,,,,,,,,,,,,,,,,,151ug4w3,,,,,0
53,82gzy8xe,,0,0,52,,,,0,,,0.0,53,,0.0,,control,,,,,,,,,,,,,,,,,,,151ug4w3,,,,,0
54,jui8cvg6,,0,0,52,,,,0,,,0.0,54,,0.0,,treatment,,,,,,,,,,,,,,,,,,,151ug4w3,,,,,0
55,ky3f2ska,,0,0,52,,,,0,,,0.0,55,,0.0,,treatment,,,,,,,,,,,,,,,,,,,151ug4w3,,,,,0
56,nbiwcxqj,,0,0,52,,,,0,,,0.0,56,,0.0,,treatment,,,,,,,,,,,,,,,,,,,151ug4w3,,,,,0
57,6d8b0ecj,,0,0,52,,,,0,,,0.0,57,,0.0,,control,,,,,,,,,,,,,,,,,,,151ug4w3,,,,,0
58,l1r1p8vy,,0,0,52,,,,0,,,0.0,58,,0.0,,treatment,,,,,,,,,,,,,,,,,,,151ug4w3,,,,,0
59,ekcepma1,,0,0,52,,,,0,,,0.0,59,,0.0,,treatment,,,,,,,,,,,,,,,,,,,151ug4w3,,,,,0
60,32ntrqgn,,0,0,52,,,,0,,,0.0,60,,0.0,,treatment,,,,,,,,,,,,,,,,,,,151ug4w3,,,,,0
61,dmuwguct,,0,0,52,,,,0,,,0.0,61,,0.0,,control,,,,,,,,,,,,,,,,,,,151ug4w3,,,,,0
62,u2cxsrtj,,0,0,52,,,,0,,,0.0,62,,0.0,,treatment,,,,,,,,,,,,,,,,,,,151ug4w3,,,,,0
63,mnr46baa,,0,0,52,,,,0,,,0.0,63,,0.0,,treatment,,,,,,,,,,,,,,,,,,,151ug4w3,,,,,0
64,l5ct73kk,,0,0,52,,,,0,,,0.0,64,,0.0,,treatment,,,,,,,,,,,,,,,,,,,151ug4w3,,,,,0
65,mu30poe1,,0,0,52,,,,0,,,0.0,65,,0.0,,control,,,,,,,,,,,,,,,,,,,151ug4w3,,,,,0
66,rroahqa3,,0,0,52,,,,0,,,0.0,66,,0.0,,treatment,,,,,,,,,,,,,,,,,,,151ug4w3,,,,,0
67,gq3jwjqv,,0,0,52,,,,0,,,0.0,67,,0.0,,treatment,,,,,,,,,,,,,,,,,,,151ug4w3,,,,,0
68,0cveq4zw,,0,0,52,,,,0,,,0.0,68,,0.0,,treatment,,,,,,,,,,,,,,,,,,,151ug4w3,,,,,0
69,uvux5ftm,,0,0,52,,,,0,,,0.0,69,,0.0,,control,,,,,,,,,,,,,,,,,,,151ug4w3,,,,,0
70,l26vxpjr,,0,0,52,,,,0,,,0.0,70,,0.0,,treatment,,,,,,,,,,,,,,,,,,,151ug4w3,,,,,0
71,mjd144u6,,0,0,52,,,,0,,,0.0,71,,0.0,,treatment,,,,,,,,,,,,,,,,,,,151ug4w3,,,,,0
72,hmtrxd12,,0,0,52,,,,0,,,0.0,72,,0.0,,treatment,,,,,,,,,,,,,,,,,,,151ug4w3,,,,,0
73,wx15wvn3,,0,0,52,,,,0,,,0.0,73,,0.0,,control,,,,,,,,,,,,,,,,,,,151ug4w3,,,,,0
74,tsu3oay5,,0,0,52,,,,0,,,0.0,74,,0.0,,treatment,,,,,,,,,,,,,,,,,,,151ug4w3,,,,,0
75,yoaihck2,,0,0,52,,,,0,,,0.0,75,,0.0,,treatment,,,,,,,,,,,,,,,,,,,151ug4w3,,,,,0
76,ssrfe2wm,,0,0,52,,,,0,,,0.0,76,,0.0,,treatment,,,,,,,,,,,,,,,,,,,151ug4w3,,,,,0
77,3elc1nqj,,0,0,52,,,,0,,,0.0,77,,0.0,,control,,,,,,,,,,,,,,,,,,,151ug4w3,,,,,0
78,h4gqbvlk,,0,0,52,,,,0,,,0.0,78,,0.0,,treatment,,,,,,,,,,,,,,,,,,,151ug4w3,,,,,0
79,8wfloe8h,,0,0,52,,,,0,,,0.0,79,,0.0,,treatment,,,,,,,,,,,,,,,,,,,151ug4w3,,,,,0
80,ufkgucxs,,0,0,52,,,,0,,,0.0,80,,0.0,,treatment,,,,,,,,,,,,,,,,,,,151ug4w3,,,,,0
81,2ccxihti,,0,0,52,,,,0,,,0.0,81,,0.0,,control,,,,,,,,,,,,,,,,,,,151ug4w3,,,,,0
82,a4f8pvbf,,0,0,52,,,,0,,,0.0,82,,0.0,,treatment,,,,,,,,,,,,,,,,,,,151ug4w3,,,,,0
83,c54b56cw,,0,0,52,,,,0,,,0.0,83,,0.0,,treatment,,,,,,,,,,,,,,,,,,,151ug4w3,,,,,0
84,m50txepm,,0,0,52,,,,0,,,0.0,84,,0.0,,treatment,,,,,,,,,,,,,,,,,,,151ug4w3,,,,,0
85,hmest6fo,,0,0,52,,,,0,,,0.0,85,,0.0,,control,,,,,,,,,,,,,,,,,,,151ug4w3,,,,,0
86,yt3mavfo,,0,0,52,,,,0,,,0.0,86,,0.0,,treatment,,,,,,,,,,,,,,,,,,,151ug4w3,,,,,0
87,vo34iemk,,0,0,52,,,,0,,,0.0,87,,0.0,,treatment,,,,,,,,,,,,,,,,,,,151ug4w3,,,,,0
88,izwq1itj,,0,0,52,,,,0,,,0.0,88,,0.0,,treatment,,,,,,,,,,,,,,,,,,,151ug4w3,,,,,0
89,g3u0c72t,,0,0,52,,,,0,,,0.0,89,,0.0,,control,,,,,,,,,,,,,,,,,,,151ug4w3,,,,,0
90,0tymsvt5,,0,0,52,,,,0,,,0.0,90,,0.0,,treatment,,,,,,,,,,,,,,,,,,,151ug4w3,,,,,0
91,jqnxv7tg,,0,0,52,,,,0,,,0.0,91,,0.0,,treatment,,,,,,,,,,,,,,,,,,,151ug4w3,,,,,0
92,uy3ghv8r,,0,0,52,,,,0,,,0.0,92,,0.0,,treatment,,,,,,,,,,,,,,,,,,,151ug4w3,,,,,0
93,lx83s76e,,0,0,52,,,,0,,,0.0,93,,0.0,,control,,,,,,,,,,,,,,,,,,,151ug4w3,,,,,0
94,o9t3s3fq,,0,0,52,,,,0,,,0.0,94,,0.0,,treatment,,,,,,,,,,,,,,,,,,,151ug4w3,,,,,0
95,h0alye7u,,0,0,52,,,,0,,,0.0,95,,0.0,,treatment,,,,,,,,,,,,,,,,,,,151ug4w3,,,,,0
96,9ts3cb8x,,0,0,52,,,,0,,,0.0,96,,0.0,,treatment,,,,,,,,,,,,,,,,,,,151ug4w3,,,,,0
97,kryzf0s6,,0,0,52,,,,0,,,0.0,97,,0.0,,control,,,,,,,,,,,,,,,,,,,151ug4w3,,,,,0
98,js7kxlcf,,0,0,52,,,,0,,,0.0,98,,0.0,,treatment,,,,,,,,,,,,,,,,,,,151ug4w3,,,,,0
99,37yckyjr,,0,0,52,,,,0,,,0.0,99,,0.0,,treatment,,,,,,,,,,,,,,,,,,,151ug4w3,,,,,0
100,1w3h8xn0,,0,0,52,,,,0,,,0.0,100,,0.0,,treatment,,,,,,,,,,,,,,,,,,,151ug4w3,,,,,0
101,l140kqd8,,0,0,52,,,,0,,,0.0,101,,0.0,,control,,,,,,,,,,,,,,,,,,,151ug4w3,,,,,0
102,xmkmisrf,,0,0,52,,,,0,,,0.0,102,,0.0,,treatment,,,,,,,,,,,,,,,,,,,151ug4w3,,,,,0
103,nw31fykq,,0,0,52,,,,0,,,0.0,103,,0.0,,treatment,,,,,,,,,,,,,,,,,,,151ug4w3,,,,,0
104,nt3qtzeu,,0,0,52,,,,0,,,0.0,104,,0.0,,treatment,,,,,,,,,,,,,,,,,,,151ug4w3,,,,,0
105,7p19bp2o,,0,0,52,,,,0,,,0.0,105,,0.0,,control,,,,,,,,,,,,,,,,,,,151ug4w3,,,,,0
106,8atypzji,,0,0,52,,,,0,,,0.0,106,,0.0,,treatment,,,,,,,,,,,,,,,,,,,151ug4w3,,,,,0
107,o9nynpkh,,0,0,52,,,,0,,,0.0,107,,0.0,,treatment,,,,,,,,,,,,,,,,,,,151ug4w3,,,,,0
108,xq7gc7c0,,0,0,52,,,,0,,,0.0,108,,0.0,,treatment,,,,,,,,,,,,,,,,,,,151ug4w3,,,,,0
109,vcd4orjn,,0,0,52,,,,0,,,0.0,109,,0.0,,control,,,,,,,,,,,,,,,,,,,151ug4w3,,,,,0
110,mm2oxw2f,,0,0,52,,,,0,,,0.0,110,,0.0,,treatment,,,,,,,,,,,,,,,,,,,151ug4w3,,,,,0
111,02h3a9ss,,0,0,52,,,,0,,,0.0,111,,0.0,,treatment,,,,,,,,,,,,,,,,,,,151ug4w3,,,,,0
112,qesc1wn4,,0,0,52,,,,0,,,0.0,112,,0.0,,treatment,,,,,,,,,,,,,,,,,,,151ug4w3,,,,,0
113,37hngqz3,,0,0,52,,,,0,,,0.0,113,,0.0,,control,,,,,,,,,,,,,,,,,,,151ug4w3,,,,,0
114,ef30jfk1,,0,0,52,,,,0,,,0.0,114,,0.0,,treatment,,,,,,,,,,,,,,,,,,,151ug4w3,,,,,0
115,vtvos87i,,0,0,52,,,,0,,,0.0,115,,0.0,,treatment,,,,,,,,,,,,,,,,,,,151ug4w3,,,,,0
116,qhm88ugw,,0,0,52,,,,0,,,0.0,116,,0.0,,treatment,,,,,,,,,,,,,,,,,,,151ug4w3,,,,,0
117,oy9gssp0,,0,0,52,,,,0,,,0.0,117,,0.0,,control,,,,,,,,,,,,,,,,,,,151ug4w3,,,,,0
118,f0r8o3ob,,0,0,52,,,,0,,,0.0,118,,0.0,,treatment,,,,,,,,,,,,,,,,,,,151ug4w3,,,,,0
119,j73p5yv1,,0,0,52,,,,0,,,0.0,119,,0.0,,treatment,,,,,,,,,,,,,,,,,,,151ug4w3,,,,,0
120,51pyp7ef,,0,0,52,,,,0,,,0.0,120,,0.0,,treatment,,,,,,,,,,,,,,,,,,,151ug4w3,,,,,0
121,ct2gcocq,,0,0,52,,,,0,,,0.0,121,,0.0,,control,,,,,,,,,,,,,,,,,,,151ug4w3,,,,,0
122,kd3gkth0,,0,0,52,,,,0,,,0.0,122,,0.0,,treatment,,,,,,,,,,,,,,,,,,,151ug4w3,,,,,0
123,huxt8n8j,,0,0,52,,,,0,,,0.0,123,,0.0,,treatment,,,,,,,,,,,,,,,,,,,151ug4w3,,,,,0
124,mgpgulhh,,0,0,52,,,,0,,,0.0,124,,0.0,,treatment,,,,,,,,,,,,,,,,,,,151ug4w3,,,,,0
125,koij8jdw,,0,0,52,,,,0,,,0.0,125,,0.0,,control,,,,,,,,,,,,,,,,,,,151ug4w3,,,,,0
126,2hro2r5e,,0,0,52,,,,0,,,0.0,126,,0.0,,treatment,,,,,,,,,,,,,,,,,,,151ug4w3,,,,,0
127,94ltgpsf,,0,0,52,,,,0,,,0.0,127,,0.0,,treatment,,,,,,,,,,,,,,,,,,,151ug4w3,,,,,0
128,fn9prupq,,0,0,52,,,,0,,,0.0,128,,0.0,,treatment,,,,,,,,,,,,,,,,,,,151ug4w3,,,,,0
129,nfdmdl1h,,0,0,52,,,,0,,,0.0,129,,0.0,,control,,,,,,,,,,,,,,,,,,,151ug4w3,,,,,0
130,9qsliwqt,,0,0,52,,,,0,,,0.0,130,,0.0,,treatment,,,,,,,,,,,,,,,,,,,151ug4w3,,,,,0
131,xsdsovsf,,0,0,52,,,,0,,,0.0,131,,0.0,,treatment,,,,,,,,,,,,,,,,,,,151ug4w3,,,,,0
132,grja2uic,,0,0,52,,,,0,,,0.0,132,,0.0,,treatment,,,,,,,,,,,,,,,,,,,151ug4w3,,,,,0
133,2mbuq32d,,0,0,52,,,,0,,,0.0,133,,0.0,,control,,,,,,,,,,,,,,,,,,,151ug4w3,,,,,0
134,2ftpn66h,,0,0,52,,,,0,,,0.0,134,,0.0,,treatment,,,,,,,,,,,,,,,,,,,151ug4w3,,,,,0
135,qaiejhu6,,0,0,52,,,,0,,,0.0,135,,0.0,,treatment,,,,,,,,,,,,,,,,,,,151ug4w3,,,,,0
136,4xuy7vlk,,0,0,52,,,,0,,,0.0,136,,0.0,,treatment,,,,,,,,,,,,,,,,,,,151ug4w3,,,,,0
137,jbxzzypd,,0,0,52,,,,0,,,0.0,137,,0.0,,control,,,,,,,,,,,,,,,,,,,151ug4w3,,,,,0
138,wnna3k9c,,0,0,52,,,,0,,,0.0,138,,0.0,,treatment,,,,,,,,,,,,,,,,,,,151ug4w3,,,,,0
139,guro47xx,,0,0,52,,,,0,,,0.0,139,,0.0,,treatment,,,,,,,,,,,,,,,,,,,151ug4w3,,,,,0
140,f8geok5l,,0,0,52,,,,0,,,0.0,140,,0.0,,treatment,,,,,,,,,,,,,,,,,,,151ug4w3,,,,,0
141,a6592u15,,0,0,52,,,,0,,,0.0,141,,0.0,,control,,,,,,,,,,,,,,,,,,,151ug4w3,,,,,0
142,6wueg218,,0,0,52,,,,0,,,0.0,142,,0.0,,treatment,,,,,,,,,,,,,,,,,,,151ug4w3,,,,,0
143,tyrbjiz8,,0,0,52,,,,0,,,0.0,143,,0.0,,treatment,,,,,,,,,,,,,,,,,,,151ug4w3,,,,,0
144,rgiwlxoc,,0,0,52,,,,0,,,0.0,144,,0.0,,treatment,,,,,,,,,,,,,,,,,,,151ug4w3,,,,,0
145,owfvlt7y,,0,0,52,,,,0,,,0.0,145,,0.0,,control,,,,,,,,,,,,,,,,,,,151ug4w3,,,,,0
146,hg1w300v,,0,0,52,,,,0,,,0.0,146,,0.0,,treatment,,,,,,,,,,,,,,,,,,,151ug4w3,,,,,0
147,qgx0p9l7,,0,0,52,,,,0,,,0.0,147,,0.0,,treatment,,,,,,,,,,,,,,,,,,,151ug4w3,,,,,0
148,a9jtah55,,0,0,52,,,,0,,,0.0,148,,0.0,,treatment,,,,,,,,,,,,,,,,,,,151ug4w3,,,,,0
149,aclqq5ro,,0,0,52,,,,0,,,0.0,149,,0.0,,control,,,,,,,,,,,,,,,,,,,151ug4w3,,,,,0
150,kl0eajpq,,0,0,52,,,,0,,,0.0,150,,0.0,,treatment,,,,,,,,,,,,,,,,,,,151ug4w3,,,,,0
1,cqkfspw4,,0,0,52,,,,0,,,0.0,1,,0.0,,control,,,,,,,,,,,,,,,,,,,n92tedn2,,,,,1
1,yw3tvdwj,,0,47,52,post_exp,HoltLaury,2026-01-17 23:36:15.217487,1,,,1248.23,1,,0.0,1,control,Edge,143.0.0,Mac OS X,10.15.7,Mac,0,0,0,1,third_option,1,,,,,,,7,trh12d69,,,,,1
1,g95kjljv,6945bcb8d7b6d7086cb4018b,0,1,52,intro,Consent,2026-01-18 00:01:38.313862,1,,,0.0,1,,0.0,,control,Chrome,142.0.0,Chrome OS,14541.0.0,Other,0,0,0,1,,,,,,,,,,8aeypvgw,,,,,0
2,dyp8z23m,693ae439c80150eee614b287,0,3,52,intro,comprehensionQuestions,2026-01-18 00:03:25.781195,1,,,0.0,2,,0.0,1,treatment,Chrome,143.0.0,Mac OS X,10.15.7,Mac,0,0,0,1,,,,,,,,,,8aeypvgw,,,,,0
3,60pk8peb,62c35e9517e15b36b957a678,0,52,52,post_exp,FinalForProlific,2026-01-18 00:04:04.823937,1,,,103.17,3,,0.0,1,treatment,Chrome,143.0.0,Chrome OS,14541.0.0,Other,0,0,0,1,third_option,1,,,,,,,4,8aeypvgw,,,,,0
4,kaq1mse7,66e8661e0c5e57cda7bf2d39,0,4,52,intro,selfAssessment,2026-01-18 00:05:53.909777,1,,,0.0,4,,0.0,1,treatment,Chrome,143.0.0,Mac OS X,10.15.7,Mac,0,0,0,1,third_option,1,,,,,,,,8aeypvgw,,,,,0
5,vijy6kpa,5de672702cf2045ed734e846,0,3,52,intro,comprehensionQuestions,2026-01-18 00:06:42.459172,1,,,0.0,5,,0.0,1,control,Safari,17.6,Mac OS X,10.15.7,Mac,0,0,0,1,,,,,,,,,,8aeypvgw,,,,,0
6,n581nrel,60fde95841349125a609e095,0,3,52,intro,comprehensionQuestions,2026-01-18 00:08:02.933077,1,,,0.0,6,,0.0,1,treatment,Chrome,143.0.0,Windows,10,Other,0,0,0,1,,,,,,,,,,8aeypvgw,,,,,0
7,bfx7fhgd,695fe9944e704fd2353901e3,0,52,52,post_exp,FinalForProlific,2026-01-18 00:08:18.754754,1,,,109.89,7,,0.0,1,treatment,Chrome,143.0.0,Mac OS X,10.15.7,Mac,0,0,0,1,third_option,1,,,,,,,7,8aeypvgw,,,,,0
8,cay8n0hm,694670c95d97b634f9e9b205,0,1,52,intro,Consent,2026-01-18 00:08:34.200132,1,,,0.0,8,,0.0,,treatment,Chrome,128.0.0,Mac OS X,10.15.7,Mac,0,0,0,1,,,,,,,,,,8aeypvgw,,,,,0
9,rojsnrer,5e2f8227b9a45e53a411f373,0,52,52,post_exp,FinalForProlific,2026-01-18 00:08:41.945634,1,,,131.3,9,,0.0,1,control,Safari,18.6,Mac OS X,10.15.7,Mac,0,0,0,1,third_option,1,,,,,,,8,8aeypvgw,,,,,0
10,t1xmvuwr,696a7f209973326afa1f7edc,0,52,52,post_exp,FinalForProlific,2026-01-18 00:09:07.330000,1,,,109.58,10,,0.0,1,treatment,Chrome,144.0.0,Windows,10,Other,0,0,0,1,third_option,1,,,,,,,5,8aeypvgw,,,,,0
11,9rz711g6,558a327cfdf99b2d75651681,0,52,52,post_exp,FinalForProlific,2026-01-18 00:09:52.521585,1,,,105.06,11,,0.0,1,treatment,Chrome,143.0.0,Windows,10,Other,0,0,0,1,third_option,1,,,,,,,7,8aeypvgw,,,,,0
12,vjcglkcl,676f3d0f406358d0f37a55e6,0,52,52,post_exp,FinalForProlific,2026-01-18 00:10:29.001682,1,,,112.56,12,,0.0,1,treatment,Firefox,146.0,Windows,10,Other,0,0,0,1,third_option,1,,,,,,,2,8aeypvgw,,,,,0
13,rojuj1nc,676039cccf8fb8b221348fad,0,52,52,post_exp,FinalForProlific,2026-01-18 00:10:57.887971,1,,,113.35,13,,0.0,1,control,Chrome,143.0.0,Chrome OS,14541.0.0,Other,0,0,0,1,third_option,1,,,,,,,5,8aeypvgw,,,,,0
14,vx7ki930,670f6171756d8d3b2a73e819,0,52,52,post_exp,FinalForProlific,2026-01-18 00:12:26.359962,1,,,103.39,14,,0.0,1,treatment,Edge,143.0.0,Windows,10,Other,0,0,0,1,third_option,1,,,,,,,5,8aeypvgw,,,,,0
15,g3nbp6cl,676cda38d41e0a0ffae1fa4a,0,52,52,post_exp,FinalForProlific,2026-01-18 00:13:15.790315,1,,,111.49,15,,0.0,1,treatment,Chrome,142.0.0,Mac OS X,10.15.7,Mac,0,0,0,1,third_option,1,,,,,,,3,8aeypvgw,,,,,0
16,uml72ity,5ebc74759921f30c68adcc7a,0,52,52,post_exp,FinalForProlific,2026-01-18 00:13:21.663825,1,,,116.25,16,,0.0,1,treatment,Edge,144.0.0,Windows,10,Other,0,0,0,1,third_option,1,,,,,,,5,8aeypvgw,,,,,0
17,b5oq78t3,655f8c9c87dc5be942a603a8,0,2,52,intro,Instructions,2026-01-18 00:14:15.145859,1,,,0.0,17,,0.0,1,control,Firefox,146.0,Windows,10,Other,0,0,0,1,,,,,,,,,,8aeypvgw,,,,,0
18,7a5ki8r9,6647b26b402c0a3c5ab8b0cd,0,2,52,intro,Instructions,2026-01-18 00:14:38.315122,1,,,0.0,18,,0.0,1,treatment,Chrome,143.0.0,Windows,10,Other,0,0,0,1,,,,,,,,,,8aeypvgw,,,,,0
19,0toa9yae,5b4991de56e0140001acb76b,0,52,52,post_exp,FinalForProlific,2026-01-18 00:14:41.343956,1,,,133.61,19,,0.0,1,treatment,Chrome,143.0.0,Mac OS X,10.15.7,Mac,0,0,0,1,third_option,1,,,,,,,8,8aeypvgw,,,,,0
20,5ef3irda,6115e0d61efe01b04db0ab53,0,52,52,post_exp,FinalForProlific,2026-01-18 00:16:13.053227,1,,,114.05,20,,0.0,1,treatment,Chrome,143.0.0,Mac OS X,10.15.7,Mac,0,0,0,1,third_option,1,,,,,,,4,8aeypvgw,,,,,0
21,8aii3avb,67bf2c95cf70e4409f3fb705,0,52,52,post_exp,FinalForProlific,2026-01-18 00:17:17.676030,1,,,128.24,21,,0.0,1,control,Chrome,143.0.0,Mac OS X,10.15.7,Mac,0,0,0,1,third_option,1,,,,,,,6,8aeypvgw,,,,,0
22,8a3wp5ch,5f33dbdc69a25921fdf3850d,0,2,52,intro,Instructions,2026-01-18 00:18:52.392670,1,,,0.0,22,,0.0,1,treatment,Chrome,143.0.0,Mac OS X,10.15.7,Mac,0,0,0,1,,,,,,,,,,8aeypvgw,,,,,0
23,tg83j1wz,691ce0ecf3778b60f00ff1f9,0,3,52,intro,comprehensionQuestions,2026-01-18 00:18:57.249566,1,,,0.0,23,,0.0,1,treatment,Chrome,143.0.0,Windows,10,Other,0,0,0,1,,,,,,,,,,8aeypvgw,,,,,0
24,ku90fumm,6462e0c6e0c667845c37ec7a,0,47,52,post_exp,HoltLaury,2026-01-18 00:19:03.836540,1,,,1256.87,24,,0.0,1,treatment,Chrome,143.0.0,Chrome OS,14541.0.0,Other,0,0,0,1,third_option,1,,,,,,,7,8aeypvgw,,,,,0
25,mcnjvpu1,65c2918667159a6c2d475b03,0,52,52,post_exp,FinalForProlific,2026-01-18 00:19:07.678264,1,,,111.12,25,,0.0,1,control,Chrome,143.0.0,Windows,10,Other,0,0,0,1,third_option,1,,,,,,,8,8aeypvgw,,,,,0
26,bpr6lwt5,5a3bdd2c8d005a0001829f3e,0,52,52,post_exp,FinalForProlific,2026-01-18 00:19:35.424896,1,,,104.58,26,,0.0,1,treatment,Chrome,143.0.0,Windows,10,Other,0,0,0,1,third_option,1,,,,,,,8,8aeypvgw,,,,,0
27,4hc5ihtz,695f911e27ce04d0d58357da,0,52,52,post_exp,FinalForProlific,2026-01-18 00:19:42.624131,1,,,101.83,27,,0.0,1,treatment,Chrome,143.0.0,Mac OS X,10.15.7,Mac,0,0,0,1,third_option,1,,,,,,,4,8aeypvgw,,,,,0
28,e3u8j1wm,58cab9bfc7ed3f000116e2a4,0,3,52,intro,comprehensionQuestions,2026-01-18 00:20:19.726216,1,,,0.0,28,,0.0,1,treatment,Opera,125.0.0,Windows,10,Other,0,0,0,1,,,,,,,,,,8aeypvgw,,,,,0
29,e2a7ssa7,6942e666a1c586377a926f4d,0,3,52,intro,comprehensionQuestions,2026-01-18 00:25:57.582368,1,,,0.0,29,,0.0,1,control,Chrome,143.0.0,Mac OS X,10.15.7,Mac,0,0,0,1,,,,,,,,,,8aeypvgw,,,,,0
30,rr4y21zo,67673cda94b4d0cf1a6a7382,0,3,52,intro,comprehensionQuestions,2026-01-18 00:27:23.328442,1,,,0.0,30,,0.0,1,treatment,Chrome,143.0.0,Mac OS X,10.15.7,Mac,0,0,0,1,,,,,,,,,,8aeypvgw,,,,,0
31,kw2zgza7,5a947fb0f05361000171b5a3,0,52,52,post_exp,FinalForProlific,2026-01-18 00:27:50.865201,1,,,116.68,31,,0.0,1,treatment,Chrome,144.0.0,Windows,10,Other,0,0,0,1,third_option,1,,,,,,,5,8aeypvgw,,,,,0
32,wu4mtm38,69330fc58167e9a249d03b10,0,2,52,intro,Instructions,2026-01-18 00:29:03.707053,1,,,0.0,32,,0.0,1,treatment,Chrome,143.0.0,Windows,10,Other,0,0,0,1,,,,,,,,,,8aeypvgw,,,,,0
33,rxrhcj8u,5df0329e67a236091e8fdff9,0,52,52,post_exp,FinalForProlific,2026-01-18 00:31:54.169682,1,,,116.03,33,,0.0,1,control,Chrome,142.0.0,Mac OS X,10.15.7,Mac,0,0,0,1,third_option,1,,,,,,,5,8aeypvgw,,,,,0
34,jevcdmdg,67676c64636d1669c5790324,0,52,52,post_exp,FinalForProlific,2026-01-18 00:34:32.611140,1,,,123.82,34,,0.0,1,treatment,Chrome,143.0.0,Windows,10,Other,0,0,0,1,third_option,1,,,,,,,7,8aeypvgw,,,,,0
35,fyvy6to8,55ecd6ff748092000daa9f5f,0,3,52,intro,comprehensionQuestions,2026-01-18 00:35:08.080894,1,,,0.0,35,,0.0,1,treatment,Edge,143.0.0,Windows,10,Other,0,0,0,1,,,,,,,,,,8aeypvgw,,,,,0
36,egditniw,60d13d406f3b34d6791c8831,0,52,52,post_exp,FinalForProlific,2026-01-18 00:35:17.503369,1,,,108.06,36,,0.0,1,treatment,Chrome,143.0.0,Mac OS X,10.15.7,Mac,0,0,0,1,third_option,1,,,,,,,3,8aeypvgw,,,,,0
37,di5attvd,694838a2da14183e15609e33,0,3,52,intro,comprehensionQuestions,2026-01-18 00:36:13.196985,1,,,0.0,37,,0.0,1,control,Chrome,143.0.0,Windows,10,Other,0,0,0,1,,,,,,,,,,8aeypvgw,,,,,0
38,7umgcqgk,66761a7cef6f2c01681b6731,0,12,52,main,Trade,2026-01-18 00:36:29.694830,1,,,0.0,38,,0.0,1,treatment,Chrome,138.0.0,Mac OS X,10.15.7,Mac,0,0,0,1,third_option,1,,,,,,,8,8aeypvgw,,,,,0
39,rnkri33h,692fb49abfbfb4f63628156f,0,52,52,post_exp,FinalForProlific,2026-01-18 00:39:15.652165,1,,,123.19,39,,0.0,1,treatment,Firefox,147.0,Windows,10,Other,0,0,0,1,third_option,1,,,,,,,7,8aeypvgw,,,,,0
40,kyhcewnq,66abb9487518e84e9073fbb3,0,3,52,intro,comprehensionQuestions,2026-01-18 00:39:18.516092,1,,,0.0,40,,0.0,1,treatment,Edge,144.0.0,Windows,10,Other,0,0,0,1,,,,,,,,,,8aeypvgw,,,,,0
41,l1d66b48,67be9cc9db559147a6f5a9d7,0,52,52,post_exp,FinalForProlific,2026-01-18 00:40:38.269635,1,,,109.95,41,,0.0,1,control,Chrome,143.0.0,Windows,10,Other,0,0,0,1,third_option,1,,,,,,,9,8aeypvgw,,,,,0
42,qf5l2y5q,695c0a000b207b2273c275f9,0,52,52,post_exp,FinalForProlific,2026-01-18 00:43:01.319644,1,,,124.89,42,,0.0,1,treatment,Chrome,143.0.0,Windows,10,Other,0,0,0,1,third_option,1,,,,,,,9,8aeypvgw,,,,,0
43,s90lzrio,60ebaa55340060ab518419d0,0,52,52,post_exp,FinalForProlific,2026-01-18 00:44:02.830526,1,,,108.76,43,,0.0,1,treatment,Firefox,147.0,Windows,10,Other,0,0,0,1,third_option,1,,,,,,,5,8aeypvgw,,,,,0
44,jyb2pb1i,6685ed3f807db2a312520c8e,0,52,52,post_exp,FinalForProlific,2026-01-18 00:46:43.345838,1,,,110.35,44,,0.0,1,treatment,Chrome,143.0.0,Windows,10,Other,0,0,0,1,third_option,1,,,,,,,7,8aeypvgw,,,,,0
45,yrma70y1,66c0f464e0ff62798027b486,0,52,52,post_exp,FinalForProlific,2026-01-18 00:47:03.361182,1,,,112.87,45,,0.0,1,control,Chrome,138.0.0,Chrome OS,14541.0.0,Other,0,0,0,1,third_option,1,,,,,,,8,8aeypvgw,,,,,0
46,9o5pzrni,65181c2f753b188afdddd2c4,0,52,52,post_exp,FinalForProlific,2026-01-18 00:52:48.202758,1,,,107.1,46,,0.0,1,treatment,Chrome,123.0.0,Windows,10,Other,0,0,0,1,third_option,1,,,,,,,7,8aeypvgw,,,,,0
47,phcaje9e,6962c3a8003c6236a1c6c283,0,52,52,post_exp,FinalForProlific,2026-01-18 00:56:15.469799,1,,,116.2,47,,0.0,1,treatment,Edge,143.0.0,Windows,10,Other,0,0,0,1,third_option,1,,,,,,,5,8aeypvgw,,,,,0
48,aswtw7cm,652d3d3c8e375878e83f43f3,0,52,52,post_exp,FinalForProlific,2026-01-18 00:59:52.481077,1,,,123.41,48,,0.0,1,treatment,Chrome,136.0.0,Windows,10,Other,0,0,0,1,third_option,1,,,,,,,7,8aeypvgw,,,,,0
49,lfey1e37,6946085fc4297ee282b32d5a,0,52,52,post_exp,FinalForProlific,2026-01-18 01:01:01.069646,1,,,115.6,49,,0.0,1,control,Chrome,143.0.0,Windows,10,Other,0,0,0,1,third_option,1,,,,,,,8,8aeypvgw,,,,,0
50,qq6nfe3y,606b197a43dfda2edcd80803,0,52,52,post_exp,FinalForProlific,2026-01-18 01:05:50.130767,1,,,104.47,50,,0.0,1,treatment,Chrome,143.0.0,Windows,10,Other,0,0,0,1,third_option,1,,,,,,,8,8aeypvgw,,,,,0
51,v3spz699,559c3e07fdf99b32b55f2d8d,0,52,52,post_exp,FinalForProlific,2026-01-18 01:05:52.985419,1,,,120.25,51,,0.0,1,treatment,Firefox,146.0,Windows,10,Other,0,0,0,1,third_option,1,,,,,,,8,8aeypvgw,,,,,0
52,zw8rvwtv,696a7c58b77a6da8c469915b,0,52,52,post_exp,FinalForProlific,2026-01-18 01:14:32.001609,1,,,105.71,52,,0.0,1,treatment,Chrome,135.0.0,Windows,10,Other,0,0,0,1,third_option,1,,,,,,,6,8aeypvgw,,,,,0
53,9938gc5x,6951dc0e3bdca9185a3420a1,0,52,52,post_exp,FinalForProlific,2026-01-18 01:15:13.405835,1,,,111.18,53,,0.0,1,control,Edge,143.0.0,Windows,10,Other,0,0,0,1,third_option,1,,,,,,,7,8aeypvgw,,,,,0
54,rmt3gixr,66045b60e84f1f2485dc2a4a,0,52,52,post_exp,FinalForProlific,2026-01-18 01:23:59.974187,1,,,110.45,54,,0.0,1,treatment,Chrome,144.0.0,Windows,10,Other,0,0,0,1,third_option,1,,,,,,,7,8aeypvgw,,,,,0
55,p4s94fcj,622ab357bb3af819f2e5df3b,0,52,52,post_exp,FinalForProlific,2026-01-18 01:36:13.341426,1,,,108.55,55,,0.0,1,treatment,Chrome,138.0.0,Chrome OS,14541.0.0,Other,0,0,0,1,third_option,1,,,,,,,7,8aeypvgw,,,,,0
56,1u78pas8,5e6af189bdaa1a0b355f63ae,0,52,52,post_exp,FinalForProlific,2026-01-18 01:37:09.323299,1,,,116.82,56,,0.0,1,treatment,Firefox,147.0,Windows,10,Other,0,0,0,1,third_option,1,,,,,,,5,8aeypvgw,,,,,0
57,fwd7tg1a,69150c3790edcc1addc3c30e,0,52,52,post_exp,FinalForProlific,2026-01-18 02:23:57.892266,1,,,116.62,57,,0.0,1,control,Chrome,143.0.0,Mac OS X,10.15.7,Mac,0,0,0,1,third_option,1,,,,,,,9,8aeypvgw,,,,,0
58,zet6amxu,,0,0,52,,,,0,,,0.0,58,,0.0,,treatment,,,,,,,,,,,,,,,,,,,8aeypvgw,,,,,0
59,y051d37n,,0,0,52,,,,0,,,0.0,59,,0.0,,treatment,,,,,,,,,,,,,,,,,,,8aeypvgw,,,,,0
60,y5032hbo,,0,0,52,,,,0,,,0.0,60,,0.0,,treatment,,,,,,,,,,,,,,,,,,,8aeypvgw,,,,,0
61,ce2kxekr,,0,0,52,,,,0,,,0.0,61,,0.0,,control,,,,,,,,,,,,,,,,,,,8aeypvgw,,,,,0
62,1f7k78xp,,0,0,52,,,,0,,,0.0,62,,0.0,,treatment,,,,,,,,,,,,,,,,,,,8aeypvgw,,,,,0
63,wg6tba84,,0,0,52,,,,0,,,0.0,63,,0.0,,treatment,,,,,,,,,,,,,,,,,,,8aeypvgw,,,,,0
64,pgapcfru,,0,0,52,,,,0,,,0.0,64,,0.0,,treatment,,,,,,,,,,,,,,,,,,,8aeypvgw,,,,,0
65,cr69jrxo,,0,0,52,,,,0,,,0.0,65,,0.0,,control,,,,,,,,,,,,,,,,,,,8aeypvgw,,,,,0
66,aqpu9d9u,,0,0,52,,,,0,,,0.0,66,,0.0,,treatment,,,,,,,,,,,,,,,,,,,8aeypvgw,,,,,0
67,5hybek4g,,0,0,52,,,,0,,,0.0,67,,0.0,,treatment,,,,,,,,,,,,,,,,,,,8aeypvgw,,,,,0
68,cqk4e9sq,,0,0,52,,,,0,,,0.0,68,,0.0,,treatment,,,,,,,,,,,,,,,,,,,8aeypvgw,,,,,0
69,h2occ7ww,,0,0,52,,,,0,,,0.0,69,,0.0,,control,,,,,,,,,,,,,,,,,,,8aeypvgw,,,,,0
70,nqrona3x,,0,0,52,,,,0,,,0.0,70,,0.0,,treatment,,,,,,,,,,,,,,,,,,,8aeypvgw,,,,,0
71,tee0ndkh,,0,0,52,,,,0,,,0.0,71,,0.0,,treatment,,,,,,,,,,,,,,,,,,,8aeypvgw,,,,,0
72,rk2z6pmf,,0,0,52,,,,0,,,0.0,72,,0.0,,treatment,,,,,,,,,,,,,,,,,,,8aeypvgw,,,,,0
73,x0bgnj9k,,0,0,52,,,,0,,,0.0,73,,0.0,,control,,,,,,,,,,,,,,,,,,,8aeypvgw,,,,,0
74,y014bcw0,,0,0,52,,,,0,,,0.0,74,,0.0,,treatment,,,,,,,,,,,,,,,,,,,8aeypvgw,,,,,0
75,q7t9stmy,,0,0,52,,,,0,,,0.0,75,,0.0,,treatment,,,,,,,,,,,,,,,,,,,8aeypvgw,,,,,0
76,esdrbrfp,,0,0,52,,,,0,,,0.0,76,,0.0,,treatment,,,,,,,,,,,,,,,,,,,8aeypvgw,,,,,0
77,98e8d5xi,,0,0,52,,,,0,,,0.0,77,,0.0,,control,,,,,,,,,,,,,,,,,,,8aeypvgw,,,,,0
78,g159w5ij,,0,0,52,,,,0,,,0.0,78,,0.0,,treatment,,,,,,,,,,,,,,,,,,,8aeypvgw,,,,,0
79,ucpdpqqn,,0,0,52,,,,0,,,0.0,79,,0.0,,treatment,,,,,,,,,,,,,,,,,,,8aeypvgw,,,,,0
80,zvso07gi,,0,0,52,,,,0,,,0.0,80,,0.0,,treatment,,,,,,,,,,,,,,,,,,,8aeypvgw,,,,,0
81,m3iha84s,,0,0,52,,,,0,,,0.0,81,,0.0,,control,,,,,,,,,,,,,,,,,,,8aeypvgw,,,,,0
82,4yiyyixi,,0,0,52,,,,0,,,0.0,82,,0.0,,treatment,,,,,,,,,,,,,,,,,,,8aeypvgw,,,,,0
83,lq8cceuc,,0,0,52,,,,0,,,0.0,83,,0.0,,treatment,,,,,,,,,,,,,,,,,,,8aeypvgw,,,,,0
84,dx4u3d3y,,0,0,52,,,,0,,,0.0,84,,0.0,,treatment,,,,,,,,,,,,,,,,,,,8aeypvgw,,,,,0
85,cu1ood3s,,0,0,52,,,,0,,,0.0,85,,0.0,,control,,,,,,,,,,,,,,,,,,,8aeypvgw,,,,,0
86,ilyksxzs,,0,0,52,,,,0,,,0.0,86,,0.0,,treatment,,,,,,,,,,,,,,,,,,,8aeypvgw,,,,,0
87,lad7o9qx,,0,0,52,,,,0,,,0.0,87,,0.0,,treatment,,,,,,,,,,,,,,,,,,,8aeypvgw,,,,,0
88,u3yjt0kl,,0,0,52,,,,0,,,0.0,88,,0.0,,treatment,,,,,,,,,,,,,,,,,,,8aeypvgw,,,,,0
89,kd78ewr9,,0,0,52,,,,0,,,0.0,89,,0.0,,control,,,,,,,,,,,,,,,,,,,8aeypvgw,,,,,0
90,cru4sks8,,0,0,52,,,,0,,,0.0,90,,0.0,,treatment,,,,,,,,,,,,,,,,,,,8aeypvgw,,,,,0
91,o0sr8hv5,,0,0,52,,,,0,,,0.0,91,,0.0,,treatment,,,,,,,,,,,,,,,,,,,8aeypvgw,,,,,0
92,59q7n6x7,,0,0,52,,,,0,,,0.0,92,,0.0,,treatment,,,,,,,,,,,,,,,,,,,8aeypvgw,,,,,0
93,2splrckh,,0,0,52,,,,0,,,0.0,93,,0.0,,control,,,,,,,,,,,,,,,,,,,8aeypvgw,,,,,0
94,d774qgxv,,0,0,52,,,,0,,,0.0,94,,0.0,,treatment,,,,,,,,,,,,,,,,,,,8aeypvgw,,,,,0
95,z136cibs,,0,0,52,,,,0,,,0.0,95,,0.0,,treatment,,,,,,,,,,,,,,,,,,,8aeypvgw,,,,,0
96,g9ywm61o,,0,0,52,,,,0,,,0.0,96,,0.0,,treatment,,,,,,,,,,,,,,,,,,,8aeypvgw,,,,,0
97,9ay24mkp,,0,0,52,,,,0,,,0.0,97,,0.0,,control,,,,,,,,,,,,,,,,,,,8aeypvgw,,,,,0
98,n9v7f89r,,0,0,52,,,,0,,,0.0,98,,0.0,,treatment,,,,,,,,,,,,,,,,,,,8aeypvgw,,,,,0
99,c3925ahg,,0,0,52,,,,0,,,0.0,99,,0.0,,treatment,,,,,,,,,,,,,,,,,,,8aeypvgw,,,,,0
100,lj42acyo,,0,0,52,,,,0,,,0.0,100,,0.0,,treatment,,,,,,,,,,,,,,,,,,,8aeypvgw,,,,,0
101,n6ls23ht,,0,0,52,,,,0,,,0.0,101,,0.0,,control,,,,,,,,,,,,,,,,,,,8aeypvgw,,,,,0
102,3frzsped,,0,0,52,,,,0,,,0.0,102,,0.0,,treatment,,,,,,,,,,,,,,,,,,,8aeypvgw,,,,,0
103,6k3q04eu,,0,0,52,,,,0,,,0.0,103,,0.0,,treatment,,,,,,,,,,,,,,,,,,,8aeypvgw,,,,,0
104,j24thw7f,,0,0,52,,,,0,,,0.0,104,,0.0,,treatment,,,,,,,,,,,,,,,,,,,8aeypvgw,,,,,0
105,dsrszgir,,0,0,52,,,,0,,,0.0,105,,0.0,,control,,,,,,,,,,,,,,,,,,,8aeypvgw,,,,,0
106,zz0phmps,,0,0,52,,,,0,,,0.0,106,,0.0,,treatment,,,,,,,,,,,,,,,,,,,8aeypvgw,,,,,0
107,d8p1sbpt,,0,0,52,,,,0,,,0.0,107,,0.0,,treatment,,,,,,,,,,,,,,,,,,,8aeypvgw,,,,,0
108,e0yenaiz,,0,0,52,,,,0,,,0.0,108,,0.0,,treatment,,,,,,,,,,,,,,,,,,,8aeypvgw,,,,,0
109,d0co2rbd,,0,0,52,,,,0,,,0.0,109,,0.0,,control,,,,,,,,,,,,,,,,,,,8aeypvgw,,,,,0
110,gdgn225e,,0,0,52,,,,0,,,0.0,110,,0.0,,treatment,,,,,,,,,,,,,,,,,,,8aeypvgw,,,,,0
111,h8l2f9uy,,0,0,52,,,,0,,,0.0,111,,0.0,,treatment,,,,,,,,,,,,,,,,,,,8aeypvgw,,,,,0
112,47p2teb0,,0,0,52,,,,0,,,0.0,112,,0.0,,treatment,,,,,,,,,,,,,,,,,,,8aeypvgw,,,,,0
113,potb10ji,,0,0,52,,,,0,,,0.0,113,,0.0,,control,,,,,,,,,,,,,,,,,,,8aeypvgw,,,,,0
114,1d4hbg5p,,0,0,52,,,,0,,,0.0,114,,0.0,,treatment,,,,,,,,,,,,,,,,,,,8aeypvgw,,,,,0
115,tu53z376,,0,0,52,,,,0,,,0.0,115,,0.0,,treatment,,,,,,,,,,,,,,,,,,,8aeypvgw,,,,,0
116,bazhsg2b,,0,0,52,,,,0,,,0.0,116,,0.0,,treatment,,,,,,,,,,,,,,,,,,,8aeypvgw,,,,,0
117,s2ocp8zn,,0,0,52,,,,0,,,0.0,117,,0.0,,control,,,,,,,,,,,,,,,,,,,8aeypvgw,,,,,0
118,l0sq13xx,,0,0,52,,,,0,,,0.0,118,,0.0,,treatment,,,,,,,,,,,,,,,,,,,8aeypvgw,,,,,0
119,n4mhumhp,,0,0,52,,,,0,,,0.0,119,,0.0,,treatment,,,,,,,,,,,,,,,,,,,8aeypvgw,,,,,0
120,wbanfw97,,0,0,52,,,,0,,,0.0,120,,0.0,,treatment,,,,,,,,,,,,,,,,,,,8aeypvgw,,,,,0
121,y2spfw24,,0,0,52,,,,0,,,0.0,121,,0.0,,control,,,,,,,,,,,,,,,,,,,8aeypvgw,,,,,0
122,dscywpsc,,0,0,52,,,,0,,,0.0,122,,0.0,,treatment,,,,,,,,,,,,,,,,,,,8aeypvgw,,,,,0
123,ql4au00d,,0,0,52,,,,0,,,0.0,123,,0.0,,treatment,,,,,,,,,,,,,,,,,,,8aeypvgw,,,,,0
124,hd0f7xbv,,0,0,52,,,,0,,,0.0,124,,0.0,,treatment,,,,,,,,,,,,,,,,,,,8aeypvgw,,,,,0
125,yft26ue2,,0,0,52,,,,0,,,0.0,125,,0.0,,control,,,,,,,,,,,,,,,,,,,8aeypvgw,,,,,0
126,aorp3jh8,,0,0,52,,,,0,,,0.0,126,,0.0,,treatment,,,,,,,,,,,,,,,,,,,8aeypvgw,,,,,0
127,68yhgth5,,0,0,52,,,,0,,,0.0,127,,0.0,,treatment,,,,,,,,,,,,,,,,,,,8aeypvgw,,,,,0
128,n6dz05d3,,0,0,52,,,,0,,,0.0,128,,0.0,,treatment,,,,,,,,,,,,,,,,,,,8aeypvgw,,,,,0
129,incpqv31,,0,0,52,,,,0,,,0.0,129,,0.0,,control,,,,,,,,,,,,,,,,,,,8aeypvgw,,,,,0
130,16bq91qt,,0,0,52,,,,0,,,0.0,130,,0.0,,treatment,,,,,,,,,,,,,,,,,,,8aeypvgw,,,,,0
131,ebtbu4h4,,0,0,52,,,,0,,,0.0,131,,0.0,,treatment,,,,,,,,,,,,,,,,,,,8aeypvgw,,,,,0
132,axkbxqxk,,0,0,52,,,,0,,,0.0,132,,0.0,,treatment,,,,,,,,,,,,,,,,,,,8aeypvgw,,,,,0
133,svio3y8t,,0,0,52,,,,0,,,0.0,133,,0.0,,control,,,,,,,,,,,,,,,,,,,8aeypvgw,,,,,0
134,8wzkxpye,,0,0,52,,,,0,,,0.0,134,,0.0,,treatment,,,,,,,,,,,,,,,,,,,8aeypvgw,,,,,0
135,5903b06w,,0,0,52,,,,0,,,0.0,135,,0.0,,treatment,,,,,,,,,,,,,,,,,,,8aeypvgw,,,,,0
136,sd1nz64d,,0,0,52,,,,0,,,0.0,136,,0.0,,treatment,,,,,,,,,,,,,,,,,,,8aeypvgw,,,,,0
137,o05o8onk,,0,0,52,,,,0,,,0.0,137,,0.0,,control,,,,,,,,,,,,,,,,,,,8aeypvgw,,,,,0
138,lkro2iu7,,0,0,52,,,,0,,,0.0,138,,0.0,,treatment,,,,,,,,,,,,,,,,,,,8aeypvgw,,,,,0
139,m57nrikr,,0,0,52,,,,0,,,0.0,139,,0.0,,treatment,,,,,,,,,,,,,,,,,,,8aeypvgw,,,,,0
140,u8qcn22t,,0,0,52,,,,0,,,0.0,140,,0.0,,treatment,,,,,,,,,,,,,,,,,,,8aeypvgw,,,,,0
141,1g8m1eiu,,0,0,52,,,,0,,,0.0,141,,0.0,,control,,,,,,,,,,,,,,,,,,,8aeypvgw,,,,,0
142,7mtzbaih,,0,0,52,,,,0,,,0.0,142,,0.0,,treatment,,,,,,,,,,,,,,,,,,,8aeypvgw,,,,,0
143,el1wq0w7,,0,0,52,,,,0,,,0.0,143,,0.0,,treatment,,,,,,,,,,,,,,,,,,,8aeypvgw,,,,,0
144,llgfrg3e,,0,0,52,,,,0,,,0.0,144,,0.0,,treatment,,,,,,,,,,,,,,,,,,,8aeypvgw,,,,,0
145,02q5uhaa,,0,0,52,,,,0,,,0.0,145,,0.0,,control,,,,,,,,,,,,,,,,,,,8aeypvgw,,,,,0
146,jg9g34yi,,0,0,52,,,,0,,,0.0,146,,0.0,,treatment,,,,,,,,,,,,,,,,,,,8aeypvgw,,,,,0
147,txwjt9xk,,0,0,52,,,,0,,,0.0,147,,0.0,,treatment,,,,,,,,,,,,,,,,,,,8aeypvgw,,,,,0
148,94nvbu3j,,0,0,52,,,,0,,,0.0,148,,0.0,,treatment,,,,,,,,,,,,,,,,,,,8aeypvgw,,,,,0
149,2ufvwqi5,,0,0,52,,,,0,,,0.0,149,,0.0,,control,,,,,,,,,,,,,,,,,,,8aeypvgw,,,,,0
150,levnfj7z,,0,0,52,,,,0,,,0.0,150,,0.0,,treatment,,,,,,,,,,,,,,,,,,,8aeypvgw,,,,,0
151,38zbeq6m,,0,0,52,,,,0,,,0.0,151,,0.0,,treatment,,,,,,,,,,,,,,,,,,,8aeypvgw,,,,,0
152,awnv4497,,0,0,52,,,,0,,,0.0,152,,0.0,,treatment,,,,,,,,,,,,,,,,,,,8aeypvgw,,,,,0
153,94bxfqso,,0,0,52,,,,0,,,0.0,153,,0.0,,control,,,,,,,,,,,,,,,,,,,8aeypvgw,,,,,0
154,cp795t91,,0,0,52,,,,0,,,0.0,154,,0.0,,treatment,,,,,,,,,,,,,,,,,,,8aeypvgw,,,,,0
155,r3fo7cb2,,0,0,52,,,,0,,,0.0,155,,0.0,,treatment,,,,,,,,,,,,,,,,,,,8aeypvgw,,,,,0
156,uji9pci6,,0,0,52,,,,0,,,0.0,156,,0.0,,treatment,,,,,,,,,,,,,,,,,,,8aeypvgw,,,,,0
157,24lx89dk,,0,0,52,,,,0,,,0.0,157,,0.0,,control,,,,,,,,,,,,,,,,,,,8aeypvgw,,,,,0
158,q8s5jonm,,0,0,52,,,,0,,,0.0,158,,0.0,,treatment,,,,,,,,,,,,,,,,,,,8aeypvgw,,,,,0
159,ft80e5kf,,0,0,52,,,,0,,,0.0,159,,0.0,,treatment,,,,,,,,,,,,,,,,,,,8aeypvgw,,,,,0
160,kk6tufh5,,0,0,52,,,,0,,,0.0,160,,0.0,,treatment,,,,,,,,,,,,,,,,,,,8aeypvgw,,,,,0
161,0w1145bt,,0,0,52,,,,0,,,0.0,161,,0.0,,control,,,,,,,,,,,,,,,,,,,8aeypvgw,,,,,0
162,veuwe5fc,,0,0,52,,,,0,,,0.0,162,,0.0,,treatment,,,,,,,,,,,,,,,,,,,8aeypvgw,,,,,0
163,50wiq01s,,0,0,52,,,,0,,,0.0,163,,0.0,,treatment,,,,,,,,,,,,,,,,,,,8aeypvgw,,,,,0
164,kehpwq8z,,0,0,52,,,,0,,,0.0,164,,0.0,,treatment,,,,,,,,,,,,,,,,,,,8aeypvgw,,,,,0
165,pmk6a4e4,,0,0,52,,,,0,,,0.0,165,,0.0,,control,,,,,,,,,,,,,,,,,,,8aeypvgw,,,,,0
166,wis4n8e1,,0,0,52,,,,0,,,0.0,166,,0.0,,treatment,,,,,,,,,,,,,,,,,,,8aeypvgw,,,,,0
167,1pua3e5s,,0,0,52,,,,0,,,0.0,167,,0.0,,treatment,,,,,,,,,,,,,,,,,,,8aeypvgw,,,,,0
168,e9848uvo,,0,0,52,,,,0,,,0.0,168,,0.0,,treatment,,,,,,,,,,,,,,,,,,,8aeypvgw,,,,,0
169,b7onxvwf,,0,0,52,,,,0,,,0.0,169,,0.0,,control,,,,,,,,,,,,,,,,,,,8aeypvgw,,,,,0
170,mh5rnjjb,,0,0,52,,,,0,,,0.0,170,,0.0,,treatment,,,,,,,,,,,,,,,,,,,8aeypvgw,,,,,0
171,myl526td,,0,0,52,,,,0,,,0.0,171,,0.0,,treatment,,,,,,,,,,,,,,,,,,,8aeypvgw,,,,,0
172,jqlpd2dp,,0,0,52,,,,0,,,0.0,172,,0.0,,treatment,,,,,,,,,,,,,,,,,,,8aeypvgw,,,,,0
173,s0o7h6p8,,0,0,52,,,,0,,,0.0,173,,0.0,,control,,,,,,,,,,,,,,,,,,,8aeypvgw,,,,,0
174,0z1fkthx,,0,0,52,,,,0,,,0.0,174,,0.0,,treatment,,,,,,,,,,,,,,,,,,,8aeypvgw,,,,,0
175,b4cfkn0i,,0,0,52,,,,0,,,0.0,175,,0.0,,treatment,,,,,,,,,,,,,,,,,,,8aeypvgw,,,,,0
176,gg1qam04,,0,0,52,,,,0,,,0.0,176,,0.0,,treatment,,,,,,,,,,,,,,,,,,,8aeypvgw,,,,,0
177,owq0k2zb,,0,0,52,,,,0,,,0.0,177,,0.0,,control,,,,,,,,,,,,,,,,,,,8aeypvgw,,,,,0
178,749tr7jr,,0,0,52,,,,0,,,0.0,178,,0.0,,treatment,,,,,,,,,,,,,,,,,,,8aeypvgw,,,,,0
179,39vez4f6,,0,0,52,,,,0,,,0.0,179,,0.0,,treatment,,,,,,,,,,,,,,,,,,,8aeypvgw,,,,,0
180,igmv36zu,,0,0,52,,,,0,,,0.0,180,,0.0,,treatment,,,,,,,,,,,,,,,,,,,8aeypvgw,,,,,0
181,2ndxzpc8,,0,0,52,,,,0,,,0.0,181,,0.0,,control,,,,,,,,,,,,,,,,,,,8aeypvgw,,,,,0
182,heuwrc5l,,0,0,52,,,,0,,,0.0,182,,0.0,,treatment,,,,,,,,,,,,,,,,,,,8aeypvgw,,,,,0
183,t4cmkhzd,,0,0,52,,,,0,,,0.0,183,,0.0,,treatment,,,,,,,,,,,,,,,,,,,8aeypvgw,,,,,0
184,pqihv2cy,,0,0,52,,,,0,,,0.0,184,,0.0,,treatment,,,,,,,,,,,,,,,,,,,8aeypvgw,,,,,0
185,197ce5ii,,0,0,52,,,,0,,,0.0,185,,0.0,,control,,,,,,,,,,,,,,,,,,,8aeypvgw,,,,,0
186,f1i22uwd,,0,0,52,,,,0,,,0.0,186,,0.0,,treatment,,,,,,,,,,,,,,,,,,,8aeypvgw,,,,,0
187,nhlmx9pp,,0,0,52,,,,0,,,0.0,187,,0.0,,treatment,,,,,,,,,,,,,,,,,,,8aeypvgw,,,,,0
188,w6b4esqb,,0,0,52,,,,0,,,0.0,188,,0.0,,treatment,,,,,,,,,,,,,,,,,,,8aeypvgw,,,,,0
189,4bnp7tjy,,0,0,52,,,,0,,,0.0,189,,0.0,,control,,,,,,,,,,,,,,,,,,,8aeypvgw,,,,,0
190,ykmbogcn,,0,0,52,,,,0,,,0.0,190,,0.0,,treatment,,,,,,,,,,,,,,,,,,,8aeypvgw,,,,,0
191,se6u5hla,,0,0,52,,,,0,,,0.0,191,,0.0,,treatment,,,,,,,,,,,,,,,,,,,8aeypvgw,,,,,0
192,ujh1c5qj,,0,0,52,,,,0,,,0.0,192,,0.0,,treatment,,,,,,,,,,,,,,,,,,,8aeypvgw,,,,,0
193,2p3pbo8d,,0,0,52,,,,0,,,0.0,193,,0.0,,control,,,,,,,,,,,,,,,,,,,8aeypvgw,,,,,0
194,322f8dva,,0,0,52,,,,0,,,0.0,194,,0.0,,treatment,,,,,,,,,,,,,,,,,,,8aeypvgw,,,,,0
195,sdkwland,,0,0,52,,,,0,,,0.0,195,,0.0,,treatment,,,,,,,,,,,,,,,,,,,8aeypvgw,,,,,0
196,m1d8w0ad,,0,0,52,,,,0,,,0.0,196,,0.0,,treatment,,,,,,,,,,,,,,,,,,,8aeypvgw,,,,,0
197,qyboxokf,,0,0,52,,,,0,,,0.0,197,,0.0,,control,,,,,,,,,,,,,,,,,,,8aeypvgw,,,,,0
198,rx5b8kmu,,0,0,52,,,,0,,,0.0,198,,0.0,,treatment,,,,,,,,,,,,,,,,,,,8aeypvgw,,,,,0
199,1d5j0124,,0,0,52,,,,0,,,0.0,199,,0.0,,treatment,,,,,,,,,,,,,,,,,,,8aeypvgw,,,,,0
200,u0661dkq,,0,0,52,,,,0,,,0.0,200,,0.0,,treatment,,,,,,,,,,,,,,,,,,,8aeypvgw,,,,,0
